Fecha,Hora,Nombre Comercial,URL,Status,Codigo HTTP,Tiempo de Carga (segundos)
2026-03-04,10:15:57,Hertz,https://www.hertzmexico.com/,OK,200,0.67
2026-03-04,10:15:57,Dollar,https://dollarmexico.com.mx/,OK,200,0.49
2026-03-04,10:15:57,Thrifty,https://www.thrifty.com.mx/,OK,200,0.47
2026-03-04,10:15:57,Firefly,https://www.fireflycarrental.com.mx/,OK,200,0.59
2026-03-04,10:15:57,Avis,https://avis.mx/,OK,200,0.95
2026-03-04,10:15:57,National,https://nationalcar.com.mx/,OK,200,4.07
2026-03-04,10:15:57,Alamo,https://www.alamo.com.mx/es,OK,200,1.16
2026-03-04,10:15:57,Mex Rent A Car,https://mexrentacar.com/es/index,OK,200,1.1
2026-03-04,10:15:57,Budget,https://budget.com.mx/#/,OK,200,0.54
2026-03-04,10:15:57,Localiza,https://www.localiza.com/mexico/es-mx,OK,200,0.93
2026-03-04,10:15:57,Enterprise,https://enterprise.mx/,OK,200,2.5
2026-03-04,10:15:57,Europcar,https://www.europcar.com.mx/,OK,200,0.58
2026-03-04,11:06:32,Hertz,https://www.hertzmexico.com/,OK,200,0.57
2026-03-04,11:06:32,Dollar,https://dollarmexico.com.mx/,OK,200,0.47
2026-03-04,11:06:32,Thrifty,https://www.thrifty.com.mx/,OK,200,0.53
2026-03-04,11:06:32,Firefly,https://www.fireflycarrental.com.mx/,OK,200,0.55
2026-03-04,11:06:32,Avis,https://avis.mx/,OK,200,0.96
2026-03-04,11:06:32,National,https://nationalcar.com.mx/,OK,200,2.36
2026-03-04,11:06:32,Alamo,https://www.alamo.com.mx/es,OK,200,1.64
2026-03-04,11:06:32,Mex Rent A Car,https://mexrentacar.com/es/index,OK,200,0.5
2026-03-04,11:06:32,Budget,https://budget.com.mx/#/,OK,200,0.97
2026-03-04,11:06:32,Localiza,https://www.localiza.com/mexico/es-mx,OK,200,0.94
2026-03-04,11:06:32,Enterprise,https://enterprise.mx/,OK,200,1.58
2026-03-04,11:06:32,Europcar,https://www.europcar.com.mx/,OK,200,1.63
2026-03-04,12:01:04,Hertz,https://www.hertzmexico.com/,OK,200,0.71
2026-03-04,12:01:04,Dollar,https://dollarmexico.com.mx/,OK,200,0.37
2026-03-04,12:01:04,Thrifty,https://www.thrifty.com.mx/,OK,200,0.48
2026-03-04,12:01:04,Firefly,https://www.fireflycarrental.com.mx/,OK,200,0.5
2026-03-04,12:01:04,Avis,https://avis.mx/,OK,200,0.9
2026-03-04,12:01:04,National,https://nationalcar.com.mx/,OK,200,4.08
2026-03-04,12:01:04,Alamo,https://www.alamo.com.mx/es,OK,200,1.48
2026-03-04,12:01:04,Mex Rent A Car,https://mexrentacar.com/es/index,OK,200,1.07
2026-03-04,12:01:04,Budget,https://budget.com.mx/#/,OK,200,1.21
2026-03-04,12:01:04,Localiza,https://www.localiza.com/mexico/es-mx,OK,200,1.01
2026-03-04,12:01:04,Enterprise,https://enterprise.mx/,OK,200,2.43
2026-03-04,12:01:04,Europcar,https://www.europcar.com.mx/,OK,200,2.09
2026-03-04,13:10:09,Hertz,https://www.hertzmexico.com/,OK,200,1.03
2026-03-04,13:10:09,Dollar,https://dollarmexico.com.mx/,OK,200,0.44
2026-03-04,13:10:09,Thrifty,https://www.thrifty.com.mx/,OK,200,0.48
2026-03-04,13:10:09,Firefly,https://www.fireflycarrental.com.mx/,OK,200,0.77
2026-03-04,13:10:09,Avis,https://avis.mx/,OK,200,0.8
2026-03-04,13:10:09,National,https://nationalcar.com.mx/,OK,200,2.27
2026-03-04,13:10:09,Alamo,https://www.alamo.com.mx/es,OK,200,1.66
2026-03-04,13:10:09,Mex Rent A Car,https://mexrentacar.com/es/index,OK,200,0.46
2026-03-04,13:10:09,Budget,https://budget.com.mx/#/,OK,200,1.19
2026-03-04,13:10:09,Localiza,https://www.localiza.com/mexico/es-mx,OK,200,1.12
2026-03-04,13:10:09,Enterprise,https://enterprise.mx/,OK,200,1.57
2026-03-04,13:10:09,Europcar,https://www.europcar.com.mx/,OK,200,2.25
2026-03-04,13:54:43,Hertz,https://www.hertzmexico.com/,OK,200,0.7
2026-03-04,13:54:43,Dollar,https://dollarmexico.com.mx/,OK,200,0.52
2026-03-04,13:54:43,Thrifty,https://www.thrifty.com.mx/,OK,200,0.69
2026-03-04,13:54:43,Firefly,https://www.fireflycarrental.com.mx/,OK,200,0.61
2026-03-04,13:54:43,Avis,https://avis.mx/,OK,200,0.79
2026-03-04,13:54:43,National,https://nationalcar.com.mx/,OK,200,2.54
2026-03-04,13:54:43,Alamo,https://www.alamo.com.mx/es,OK,200,1.74
2026-03-04,13:54:43,Mex Rent A Car,https://mexrentacar.com/es/index,OK,200,0.43
2026-03-04,13:54:43,Budget,https://budget.com.mx/#/,OK,200,0.46
2026-03-04,13:54:43,Localiza,https://www.localiza.com/mexico/es-mx,OK,200,1.11
2026-03-04,13:54:43,Enterprise,https://enterprise.mx/,OK,200,13.46
2026-03-04,13:54:43,Europcar,https://www.europcar.com.mx/,OK,200,3.33
2026-03-04,14:22:07,Hertz,https://www.hertzmexico.com/,OK,200,0.84
2026-03-04,14:22:07,Dollar,https://dollarmexico.com.mx/,OK,200,0.49
2026-03-04,14:22:07,Thrifty,https://www.thrifty.com.mx/,OK,200,0.56
2026-03-04,14:22:07,Firefly,https://www.fireflycarrental.com.mx/,OK,200,0.5
2026-03-04,14:22:07,Avis,https://avis.mx/,OK,200,1.24
2026-03-04,14:22:07,National,https://nationalcar.com.mx/,OK,200,2.69
2026-03-04,14:22:07,Alamo,https://www.alamo.com.mx/es,OK,200,1.67
2026-03-04,14:22:07,Mex Rent A Car,https://mexrentacar.com/es/index,OK,200,0.5
2026-03-04,14:22:07,Budget,https://budget.com.mx/#/,OK,200,0.87
2026-03-04,14:22:07,Localiza,https://www.localiza.com/mexico/es-mx,OK,200,1.14
2026-03-04,14:22:07,Enterprise,https://enterprise.mx/,OK,200,1.64
2026-03-04,14:22:07,Europcar,https://www.europcar.com.mx/,OK,200,6.14
2026-03-04,14:53:43,Hertz,https://www.hertzmexico.com/,OK,200,0.61
2026-03-04,14:53:43,Dollar,https://dollarmexico.com.mx/,OK,200,0.28
2026-03-04,14:53:43,Thrifty,https://www.thrifty.com.mx/,OK,200,0.42
2026-03-04,14:53:43,Firefly,https://www.fireflycarrental.com.mx/,OK,200,0.33
2026-03-04,14:53:43,Avis,https://avis.mx/,OK,200,0.79
2026-03-04,14:53:43,National,https://nationalcar.com.mx/,OK,200,3.96
2026-03-04,14:53:43,Alamo,https://www.alamo.com.mx/es,OK,200,1.05
2026-03-04,14:53:43,Mex Rent A Car,https://mexrentacar.com/es/index,OK,200,1.0
2026-03-04,14:53:43,Budget,https://budget.com.mx/#/,OK,200,0.98
2026-03-04,14:53:43,Localiza,https://www.localiza.com/mexico/es-mx,OK,200,4.81
2026-03-04,14:53:43,Enterprise,https://enterprise.mx/,OK,200,2.03
2026-03-04,14:53:43,Europcar,https://www.europcar.com.mx/,OK,200,1.57
2026-03-04,15:23:58,Hertz,https://www.hertzmexico.com/,OK,200,0.85
2026-03-04,15:23:58,Dollar,https://dollarmexico.com.mx/,OK,200,0.31
2026-03-04,15:23:58,Thrifty,https://www.thrifty.com.mx/,OK,200,0.44
2026-03-04,15:23:58,Firefly,https://www.fireflycarrental.com.mx/,OK,200,0.45
2026-03-04,15:23:58,Avis,https://avis.mx/,OK,200,1.0
2026-03-04,15:23:58,National,https://nationalcar.com.mx/,OK,200,3.84
2026-03-04,15:23:58,Alamo,https://www.alamo.com.mx/es,OK,200,1.25
2026-03-04,15:23:58,Mex Rent A Car,https://mexrentacar.com/es/index,OK,200,0.91
2026-03-04,15:23:58,Budget,https://budget.com.mx/#/,OK,200,0.46
2026-03-04,15:23:58,Localiza,https://www.localiza.com/mexico/es-mx,OK,200,1.14
2026-03-04,15:23:58,Enterprise,https://enterprise.mx/,OK,200,2.18
2026-03-04,15:23:58,Europcar,https://www.europcar.com.mx/,OK,200,0.64
2026-03-04,15:54:22,Hertz,https://www.hertzmexico.com/,OK,200,0.59
2026-03-04,15:54:22,Dollar,https://dollarmexico.com.mx/,OK,200,1.03
2026-03-04,15:54:22,Thrifty,https://www.thrifty.com.mx/,OK,200,0.62
2026-03-04,15:54:22,Firefly,https://www.fireflycarrental.com.mx/,OK,200,0.6
2026-03-04,15:54:22,Avis,https://avis.mx/,OK,200,1.03
2026-03-04,15:54:22,National,https://nationalcar.com.mx/,OK,200,2.69
2026-03-04,15:54:22,Alamo,https://www.alamo.com.mx/es,OK,200,1.84
2026-03-04,15:54:22,Mex Rent A Car,https://mexrentacar.com/es/index,OK,200,0.43
2026-03-04,15:54:22,Budget,https://budget.com.mx/#/,OK,200,1.44
2026-03-04,15:54:22,Localiza,https://www.localiza.com/mexico/es-mx,OK,200,1.59
2026-03-04,15:54:22,Enterprise,https://enterprise.mx/,OK,200,1.68
2026-03-04,15:54:22,Europcar,https://www.europcar.com.mx/,OK,200,3.06
2026-03-04,16:20:21,Hertz,https://www.hertzmexico.com/,OK,200,0.69
2026-03-04,16:20:21,Dollar,https://dollarmexico.com.mx/,OK,200,0.31
2026-03-04,16:20:21,Thrifty,https://www.thrifty.com.mx/,OK,200,0.48
2026-03-04,16:20:21,Firefly,https://www.fireflycarrental.com.mx/,OK,200,0.38
2026-03-04,16:20:21,Avis,https://avis.mx/,OK,200,0.84
2026-03-04,16:20:21,National,https://nationalcar.com.mx/,OK,200,4.32
2026-03-04,16:20:21,Alamo,https://www.alamo.com.mx/es,OK,200,1.08
2026-03-04,16:20:21,Mex Rent A Car,https://mexrentacar.com/es/index,OK,200,0.82
2026-03-04,16:20:21,Budget,https://budget.com.mx/#/,OK,200,0.41
2026-03-04,16:20:21,Localiza,https://www.localiza.com/mexico/es-mx,OK,200,1.02
2026-03-04,16:20:21,Enterprise,https://enterprise.mx/,OK,200,2.01
2026-03-04,16:20:21,Europcar,https://www.europcar.com.mx/,OK,200,0.7
2026-03-04,16:54:42,Hertz,https://www.hertzmexico.com/,OK,200,0.61
2026-03-04,16:54:42,Dollar,https://dollarmexico.com.mx/,OK,200,0.28
2026-03-04,16:54:42,Thrifty,https://www.thrifty.com.mx/,OK,200,0.52
2026-03-04,16:54:42,Firefly,https://www.fireflycarrental.com.mx/,OK,200,3.09
2026-03-04,16:54:42,Avis,https://avis.mx/,OK,200,0.89
2026-03-04,16:54:42,National,https://nationalcar.com.mx/,OK,200,3.91
2026-03-04,16:54:42,Alamo,https://www.alamo.com.mx/es,OK,200,1.13
2026-03-04,16:54:42,Mex Rent A Car,https://mexrentacar.com/es/index,OK,200,1.15
2026-03-04,16:54:42,Budget,https://budget.com.mx/#/,OK,200,0.79
2026-03-04,16:54:42,Localiza,https://www.localiza.com/mexico/es-mx,OK,200,1.02
2026-03-04,16:54:42,Enterprise,https://enterprise.mx/,OK,200,8.6
2026-03-04,16:54:42,Europcar,https://www.europcar.com.mx/,OK,200,0.73
2026-03-04,17:20:15,Hertz,https://www.hertzmexico.com/,OK,200,0.98
2026-03-04,17:20:15,Dollar,https://dollarmexico.com.mx/,OK,200,0.53
2026-03-04,17:20:15,Thrifty,https://www.thrifty.com.mx/,OK,200,0.48
2026-03-04,17:20:15,Firefly,https://www.fireflycarrental.com.mx/,OK,200,0.46
2026-03-04,17:20:15,Avis,https://avis.mx/,OK,200,0.76
2026-03-04,17:20:15,National,https://nationalcar.com.mx/,OK,200,2.36
2026-03-04,17:20:15,Alamo,https://www.alamo.com.mx/es,OK,200,1.75
2026-03-04,17:20:15,Mex Rent A Car,https://mexrentacar.com/es/index,OK,200,0.93
2026-03-04,17:20:15,Budget,https://budget.com.mx/#/,OK,200,1.18
2026-03-04,17:20:15,Localiza,https://www.localiza.com/mexico/es-mx,OK,200,1.46
2026-03-04,17:20:15,Enterprise,https://enterprise.mx/,OK,200,3.14
2026-03-04,17:20:15,Europcar,https://www.europcar.com.mx/,OK,200,1.05
2026-03-04,17:49:18,Hertz,https://www.hertzmexico.com/,OK,200,0.75
2026-03-04,17:49:18,Dollar,https://dollarmexico.com.mx/,OK,200,0.44
2026-03-04,17:49:18,Thrifty,https://www.thrifty.com.mx/,OK,200,0.52
2026-03-04,17:49:18,Firefly,https://www.fireflycarrental.com.mx/,OK,200,0.51
2026-03-04,17:49:18,Avis,https://avis.mx/,OK,200,0.81
2026-03-04,17:49:18,National,https://nationalcar.com.mx/,OK,200,3.92
2026-03-04,17:49:18,Alamo,https://www.alamo.com.mx/es,OK,200,1.37
2026-03-04,17:49:18,Mex Rent A Car,https://mexrentacar.com/es/index,OK,200,0.54
2026-03-04,17:49:18,Budget,https://budget.com.mx/#/,OK,200,0.49
2026-03-04,17:49:18,Localiza,https://www.localiza.com/mexico/es-mx,OK,200,1.18
2026-03-04,17:49:18,Enterprise,https://enterprise.mx/,OK,200,2.08
2026-03-04,17:49:18,Europcar,https://www.europcar.com.mx/,OK,200,0.6
2026-03-04,19:06:08,Hertz,https://www.hertzmexico.com/,OK,200,0.62
2026-03-04,19:06:08,Dollar,https://dollarmexico.com.mx/,OK,200,0.36
2026-03-04,19:06:08,Thrifty,https://www.thrifty.com.mx/,OK,200,0.51
2026-03-04,19:06:08,Firefly,https://www.fireflycarrental.com.mx/,OK,200,0.46
2026-03-04,19:06:08,Avis,https://avis.mx/,OK,200,0.82
2026-03-04,19:06:08,National,https://nationalcar.com.mx/,OK,200,4.35
2026-03-04,19:06:08,Alamo,https://www.alamo.com.mx/es,OK,200,1.19
2026-03-04,19:06:08,Mex Rent A Car,https://mexrentacar.com/es/index,OK,200,1.08
2026-03-04,19:06:08,Budget,https://budget.com.mx/#/,OK,200,0.84
2026-03-04,19:06:08,Localiza,https://www.localiza.com/mexico/es-mx,OK,200,1.32
2026-03-04,19:06:08,Enterprise,https://enterprise.mx/,OK,200,2.46
2026-03-04,19:06:08,Europcar,https://www.europcar.com.mx/,OK,200,0.71
2026-03-04,21:39:32,Hertz,https://www.hertzmexico.com/,OK,200,0.47
2026-03-04,21:39:32,Dollar,https://dollarmexico.com.mx/,OK,200,0.33
2026-03-04,21:39:32,Thrifty,https://www.thrifty.com.mx/,OK,200,0.43
2026-03-04,21:39:32,Firefly,https://www.fireflycarrental.com.mx/,OK,200,0.34
2026-03-04,21:39:32,Avis,https://avis.mx/,OK,200,0.89
2026-03-04,21:39:32,National,https://nationalcar.com.mx/,OK,200,3.96
2026-03-04,21:39:32,Alamo,https://www.alamo.com.mx/es,OK,200,1.13
2026-03-04,21:39:32,Mex Rent A Car,https://mexrentacar.com/es/index,OK,200,0.76
2026-03-04,21:39:32,Budget,https://budget.com.mx/#/,OK,200,0.62
2026-03-04,21:39:32,Localiza,https://www.localiza.com/mexico/es-mx,OK,200,0.97
2026-03-04,21:39:32,Enterprise,https://enterprise.mx/,OK,200,2.06
2026-03-04,21:39:32,Europcar,https://www.europcar.com.mx/,OK,200,1.03
2026-03-04,23:07:50,Hertz,https://www.hertzmexico.com/,OK,200,0.72
2026-03-04,23:07:50,Dollar,https://dollarmexico.com.mx/,OK,200,0.51
2026-03-04,23:07:50,Thrifty,https://www.thrifty.com.mx/,OK,200,0.58
2026-03-04,23:07:50,Firefly,https://www.fireflycarrental.com.mx/,OK,200,0.69
2026-03-04,23:07:50,Avis,https://avis.mx/,OK,200,0.92
2026-03-04,23:07:50,National,https://nationalcar.com.mx/,OK,200,3.24
2026-03-04,23:07:50,Alamo,https://www.alamo.com.mx/es,OK,200,1.71
2026-03-04,23:07:50,Mex Rent A Car,https://mexrentacar.com/es/index,OK,200,0.56
2026-03-04,23:07:50,Budget,https://budget.com.mx/#/,OK,200,0.63
2026-03-04,23:07:50,Localiza,https://www.localiza.com/mexico/es-mx,OK,200,1.83
2026-03-04,23:07:50,Enterprise,https://enterprise.mx/,OK,200,2.1
2026-03-04,23:07:50,Europcar,https://www.europcar.com.mx/,OK,200,0.68
2026-03-05,00:05:33,Hertz,https://www.hertzmexico.com/,OK,200,0.57
2026-03-05,00:05:33,Dollar,https://dollarmexico.com.mx/,OK,200,0.38
2026-03-05,00:05:33,Thrifty,https://www.thrifty.com.mx/,OK,200,0.41
2026-03-05,00:05:33,Firefly,https://www.fireflycarrental.com.mx/,OK,200,0.33
2026-03-05,00:05:33,Avis,https://avis.mx/,OK,200,0.88
2026-03-05,00:05:33,National,https://nationalcar.com.mx/,OK,200,4.05
2026-03-05,00:05:33,Alamo,https://www.alamo.com.mx/es,OK,200,1.16
2026-03-05,00:05:33,Mex Rent A Car,https://mexrentacar.com/es/index,OK,200,0.81
2026-03-05,00:05:33,Budget,https://budget.com.mx/#/,OK,200,0.64
2026-03-05,00:05:33,Localiza,https://www.localiza.com/mexico/es-mx,OK,200,1.59
2026-03-05,00:05:33,Enterprise,https://enterprise.mx/,OK,200,2.06
2026-03-05,00:05:33,Europcar,https://www.europcar.com.mx/,OK,200,0.85
2026-03-05,01:13:09,Hertz,https://www.hertzmexico.com/,OK,200,0.6
2026-03-05,01:13:09,Dollar,https://dollarmexico.com.mx/,OK,200,0.27
2026-03-05,01:13:09,Thrifty,https://www.thrifty.com.mx/,OK,200,0.42
2026-03-05,01:13:09,Firefly,https://www.fireflycarrental.com.mx/,OK,200,0.5
2026-03-05,01:13:09,Avis,https://avis.mx/,OK,200,0.84
2026-03-05,01:13:09,National,https://nationalcar.com.mx/,OK,200,3.85
2026-03-05,01:13:09,Alamo,https://www.alamo.com.mx/es,OK,200,1.3
2026-03-05,01:13:09,Mex Rent A Car,https://mexrentacar.com/es/index,OK,200,0.74
2026-03-05,01:13:09,Budget,https://budget.com.mx/#/,OK,200,0.42
2026-03-05,01:13:09,Localiza,https://www.localiza.com/mexico/es-mx,OK,200,0.99
2026-03-05,01:13:09,Enterprise,https://enterprise.mx/,OK,200,2.11
2026-03-05,01:13:09,Europcar,https://www.europcar.com.mx/,OK,200,2.34
2026-03-05,01:58:21,Hertz,https://www.hertzmexico.com/,OK,200,4.86
2026-03-05,01:58:21,Dollar,https://dollarmexico.com.mx/,OK,200,0.48
2026-03-05,01:58:21,Thrifty,https://www.thrifty.com.mx/,OK,200,0.6
2026-03-05,01:58:21,Firefly,https://www.fireflycarrental.com.mx/,OK,200,0.51
2026-03-05,01:58:21,Avis,https://avis.mx/,OK,200,0.8
2026-03-05,01:58:21,National,https://nationalcar.com.mx/,OK,200,2.34
2026-03-05,01:58:21,Alamo,https://www.alamo.com.mx/es,OK,200,1.53
2026-03-05,01:58:21,Mex Rent A Car,https://mexrentacar.com/es/index,OK,200,0.42
2026-03-05,01:58:21,Budget,https://budget.com.mx/#/,OK,200,0.79
2026-03-05,01:58:21,Localiza,https://www.localiza.com/mexico/es-mx,OK,200,1.17
2026-03-05,01:58:21,Enterprise,https://enterprise.mx/,OK,200,1.53
2026-03-05,01:58:21,Europcar,https://www.europcar.com.mx/,OK,200,2.84
2026-03-05,02:37:16,Hertz,https://www.hertzmexico.com/,OK,200,0.56
2026-03-05,02:37:16,Dollar,https://dollarmexico.com.mx/,OK,200,0.73
2026-03-05,02:37:16,Thrifty,https://www.thrifty.com.mx/,OK,200,0.51
2026-03-05,02:37:16,Firefly,https://www.fireflycarrental.com.mx/,OK,200,0.38
2026-03-05,02:37:16,Avis,https://avis.mx/,OK,200,1.06
2026-03-05,02:37:16,National,https://nationalcar.com.mx/,OK,200,3.92
2026-03-05,02:37:16,Alamo,https://www.alamo.com.mx/es,OK,200,1.27
2026-03-05,02:37:16,Mex Rent A Car,https://mexrentacar.com/es/index,OK,200,1.01
2026-03-05,02:37:16,Budget,https://budget.com.mx/#/,OK,200,0.76
2026-03-05,02:37:16,Localiza,https://www.localiza.com/mexico/es-mx,OK,200,0.97
2026-03-05,02:37:16,Enterprise,https://enterprise.mx/,OK,200,2.51
2026-03-05,02:37:16,Europcar,https://www.europcar.com.mx/,OK,200,0.69
2026-03-05,03:32:22,Hertz,https://www.hertzmexico.com/,OK,200,0.64
2026-03-05,03:32:22,Dollar,https://dollarmexico.com.mx/,OK,200,0.41
2026-03-05,03:32:22,Thrifty,https://www.thrifty.com.mx/,OK,200,0.51
2026-03-05,03:32:22,Firefly,https://www.fireflycarrental.com.mx/,OK,200,0.37
2026-03-05,03:32:22,Avis,https://avis.mx/,OK,200,1.07
2026-03-05,03:32:22,National,https://nationalcar.com.mx/,OK,200,4.35
2026-03-05,03:32:22,Alamo,https://www.alamo.com.mx/es,OK,200,1.18
2026-03-05,03:32:22,Mex Rent A Car,https://mexrentacar.com/es/index,OK,200,1.25
2026-03-05,03:32:22,Budget,https://budget.com.mx/#/,OK,200,0.67
2026-03-05,03:32:22,Localiza,https://www.localiza.com/mexico/es-mx,OK,200,1.18
2026-03-05,03:32:22,Enterprise,https://enterprise.mx/,OK,200,2.23
2026-03-05,03:32:22,Europcar,https://www.europcar.com.mx/,OK,200,2.41
2026-03-05,04:28:42,Hertz,https://www.hertzmexico.com/,OK,200,1.07
2026-03-05,04:28:42,Dollar,https://dollarmexico.com.mx/,OK,200,0.45
2026-03-05,04:28:42,Thrifty,https://www.thrifty.com.mx/,OK,200,0.52
2026-03-05,04:28:42,Firefly,https://www.fireflycarrental.com.mx/,OK,200,0.93
2026-03-05,04:28:42,Avis,https://avis.mx/,OK,200,1.01
2026-03-05,04:28:42,National,https://nationalcar.com.mx/,OK,200,2.37
2026-03-05,04:28:42,Alamo,https://www.alamo.com.mx/es,OK,200,1.75
2026-03-05,04:28:42,Mex Rent A Car,https://mexrentacar.com/es/index,OK,200,0.54
2026-03-05,04:28:42,Budget,https://budget.com.mx/#/,OK,200,0.78
2026-03-05,04:28:42,Localiza,https://www.localiza.com/mexico/es-mx,OK,200,1.32
2026-03-05,04:28:42,Enterprise,https://enterprise.mx/,OK,200,1.58
2026-03-05,04:28:42,Europcar,https://www.europcar.com.mx/,OK,200,2.99
2026-03-05,05:06:40,Hertz,https://www.hertzmexico.com/,OK,200,0.95
2026-03-05,05:06:40,Dollar,https://dollarmexico.com.mx/,OK,200,0.36
2026-03-05,05:06:40,Thrifty,https://www.thrifty.com.mx/,OK,200,0.5
2026-03-05,05:06:40,Firefly,https://www.fireflycarrental.com.mx/,OK,200,0.46
2026-03-05,05:06:40,Avis,https://avis.mx/,OK,200,0.92
2026-03-05,05:06:40,National,https://nationalcar.com.mx/,OK,200,3.9
2026-03-05,05:06:40,Alamo,https://www.alamo.com.mx/es,OK,200,1.19
2026-03-05,05:06:40,Mex Rent A Car,https://mexrentacar.com/es/index,OK,200,1.04
2026-03-05,05:06:40,Budget,https://budget.com.mx/#/,OK,200,0.77
2026-03-05,05:06:40,Localiza,https://www.localiza.com/mexico/es-mx,OK,200,0.89
2026-03-05,05:06:40,Enterprise,https://enterprise.mx/,OK,200,3.04
2026-03-05,05:06:40,Europcar,https://www.europcar.com.mx/,OK,200,0.95
2026-03-05,05:52:36,Hertz,https://www.hertzmexico.com/,OK,200,0.62
2026-03-05,05:52:36,Dollar,https://dollarmexico.com.mx/,OK,200,0.51
2026-03-05,05:52:36,Thrifty,https://www.thrifty.com.mx/,OK,200,0.58
2026-03-05,05:52:36,Firefly,https://www.fireflycarrental.com.mx/,OK,200,0.61
2026-03-05,05:52:36,Avis,https://avis.mx/,OK,200,0.82
2026-03-05,05:52:36,National,https://nationalcar.com.mx/,OK,200,2.54
2026-03-05,05:52:36,Alamo,https://www.alamo.com.mx/es,OK,200,1.82
2026-03-05,05:52:36,Mex Rent A Car,https://mexrentacar.com/es/index,OK,200,0.58
2026-03-05,05:52:36,Budget,https://budget.com.mx/#/,OK,200,0.75
2026-03-05,05:52:36,Localiza,https://www.localiza.com/mexico/es-mx,OK,200,0.99
2026-03-05,05:52:36,Enterprise,https://enterprise.mx/,OK,200,1.64
2026-03-05,05:52:36,Europcar,https://www.europcar.com.mx/,OK,200,0.73
2026-03-05,06:34:40,Hertz,https://www.hertzmexico.com/,OK,200,0.76
2026-03-05,06:34:40,Dollar,https://dollarmexico.com.mx/,OK,200,0.38
2026-03-05,06:34:40,Thrifty,https://www.thrifty.com.mx/,OK,200,0.47
2026-03-05,06:34:40,Firefly,https://www.fireflycarrental.com.mx/,OK,200,0.52
2026-03-05,06:34:40,Avis,https://avis.mx/,OK,200,0.83
2026-03-05,06:34:40,National,https://nationalcar.com.mx/,OK,200,3.43
2026-03-05,06:34:40,Alamo,https://www.alamo.com.mx/es,OK,200,1.3
2026-03-05,06:34:40,Mex Rent A Car,https://mexrentacar.com/es/index,OK,200,0.8
2026-03-05,06:34:40,Budget,https://budget.com.mx/#/,OK,200,0.6
2026-03-05,06:34:40,Localiza,https://www.localiza.com/mexico/es-mx,OK,200,1.5
2026-03-05,06:34:40,Enterprise,https://enterprise.mx/,OK,200,16.15
2026-03-05,06:34:40,Europcar,https://www.europcar.com.mx/,OK,200,0.74
2026-03-05,07:54:08,Hertz,https://www.hertzmexico.com/,OK,200,0.58
2026-03-05,07:54:08,Dollar,https://dollarmexico.com.mx/,OK,200,0.36
2026-03-05,07:54:08,Thrifty,https://www.thrifty.com.mx/,OK,200,0.43
2026-03-05,07:54:08,Firefly,https://www.fireflycarrental.com.mx/,OK,200,0.32
2026-03-05,07:54:08,Avis,https://avis.mx/,OK,200,0.79
2026-03-05,07:54:08,National,https://nationalcar.com.mx/,OK,200,3.95
2026-03-05,07:54:08,Alamo,https://www.alamo.com.mx/es,OK,200,1.17
2026-03-05,07:54:08,Mex Rent A Car,https://mexrentacar.com/es/index,OK,200,0.92
2026-03-05,07:54:08,Budget,https://budget.com.mx/#/,OK,200,0.7
2026-03-05,07:54:08,Localiza,https://www.localiza.com/mexico/es-mx,OK,200,1.26
2026-03-05,07:54:08,Enterprise,https://enterprise.mx/,OK,200,1.99
2026-03-05,07:54:08,Europcar,https://www.europcar.com.mx/,OK,200,3.13
2026-03-05,08:38:02,Hertz,https://www.hertzmexico.com/,OK,200,0.76
2026-03-05,08:38:02,Dollar,https://dollarmexico.com.mx/,OK,200,0.49
2026-03-05,08:38:02,Thrifty,https://www.thrifty.com.mx/,OK,200,0.72
2026-03-05,08:38:02,Firefly,https://www.fireflycarrental.com.mx/,OK,200,0.51
2026-03-05,08:38:02,Avis,https://avis.mx/,OK,200,0.85
2026-03-05,08:38:02,National,https://nationalcar.com.mx/,OK,200,3.77
2026-03-05,08:38:02,Alamo,https://www.alamo.com.mx/es,OK,200,1.52
2026-03-05,08:38:02,Mex Rent A Car,https://mexrentacar.com/es/index,OK,200,0.56
2026-03-05,08:38:02,Budget,https://budget.com.mx/#/,OK,200,0.5
2026-03-05,08:38:02,Localiza,https://www.localiza.com/mexico/es-mx,OK,200,1.49
2026-03-05,08:38:02,Enterprise,https://enterprise.mx/,OK,200,2.04
2026-03-05,08:38:02,Europcar,https://www.europcar.com.mx/,OK,200,0.7
2026-03-05,09:39:44,Hertz,https://www.hertzmexico.com/,OK,200,0.64
2026-03-05,09:39:44,Dollar,https://dollarmexico.com.mx/,OK,200,0.38
2026-03-05,09:39:44,Thrifty,https://www.thrifty.com.mx/,OK,200,0.46
2026-03-05,09:39:44,Firefly,https://www.fireflycarrental.com.mx/,OK,200,0.43
2026-03-05,09:39:44,Avis,https://avis.mx/,OK,200,1.03
2026-03-05,09:39:44,National,https://nationalcar.com.mx/,OK,200,4.16
2026-03-05,09:39:44,Alamo,https://www.alamo.com.mx/es,OK,200,1.2
2026-03-05,09:39:44,Mex Rent A Car,https://mexrentacar.com/es/index,OK,200,1.05
2026-03-05,09:39:44,Budget,https://budget.com.mx/#/,OK,200,1.21
2026-03-05,09:39:44,Localiza,https://www.localiza.com/mexico/es-mx,OK,200,1.03
2026-03-05,09:39:44,Enterprise,https://enterprise.mx/,OK,200,13.26
2026-03-05,09:39:44,Europcar,https://www.europcar.com.mx/,OK,200,0.75
2026-03-05,11:56:57,Hertz,https://www.hertzmexico.com/,OK,200,0.62
2026-03-05,11:56:57,Dollar,https://dollarmexico.com.mx/,OK,200,0.41
2026-03-05,11:56:57,Thrifty,https://www.thrifty.com.mx/,OK,200,0.57
2026-03-05,11:56:57,Firefly,https://www.fireflycarrental.com.mx/,OK,200,0.43
2026-03-05,11:56:57,Avis,https://avis.mx/,OK,200,0.92
2026-03-05,11:56:57,National,https://nationalcar.com.mx/,OK,200,3.85
2026-03-05,11:56:57,Alamo,https://www.alamo.com.mx/es,OK,200,1.18
2026-03-05,11:56:57,Mex Rent A Car,https://mexrentacar.com/es/index,OK,200,0.99
2026-03-05,11:56:57,Budget,https://budget.com.mx/#/,OK,200,0.89
2026-03-05,11:56:57,Localiza,https://www.localiza.com/mexico/es-mx,OK,200,0.94
2026-03-05,11:56:57,Enterprise,https://enterprise.mx/,OK,200,2.46
2026-03-05,11:56:57,Europcar,https://www.europcar.com.mx/,OK,200,0.65
2026-03-05,13:06:35,Hertz,https://www.hertzmexico.com/,OK,200,0.54
2026-03-05,13:06:35,Dollar,https://dollarmexico.com.mx/,OK,200,0.34
2026-03-05,13:06:35,Thrifty,https://www.thrifty.com.mx/,OK,200,0.47
2026-03-05,13:06:35,Firefly,https://www.fireflycarrental.com.mx/,OK,200,0.42
2026-03-05,13:06:35,Avis,https://avis.mx/,OK,200,0.92
2026-03-05,13:06:35,National,https://nationalcar.com.mx/,OK,200,3.89
2026-03-05,13:06:35,Alamo,https://www.alamo.com.mx/es,OK,200,1.35
2026-03-05,13:06:35,Mex Rent A Car,https://mexrentacar.com/es/index,OK,200,0.99
2026-03-05,13:06:35,Budget,https://budget.com.mx/#/,OK,200,0.63
2026-03-05,13:06:35,Localiza,https://www.localiza.com/mexico/es-mx,OK,200,1.1
2026-03-05,13:06:35,Enterprise,https://enterprise.mx/,OK,200,2.08
2026-03-05,13:06:35,Europcar,https://www.europcar.com.mx/,OK,200,0.69
2026-03-05,14:03:03,Hertz,https://www.hertzmexico.com/,OK,200,0.74
2026-03-05,14:03:03,Dollar,https://dollarmexico.com.mx/,OK,200,0.41
2026-03-05,14:03:03,Thrifty,https://www.thrifty.com.mx/,OK,200,0.58
2026-03-05,14:03:03,Firefly,https://www.fireflycarrental.com.mx/,OK,200,0.55
2026-03-05,14:03:03,Avis,https://avis.mx/,OK,200,0.97
2026-03-05,14:03:03,National,https://nationalcar.com.mx/,OK,200,4.21
2026-03-05,14:03:03,Alamo,https://www.alamo.com.mx/es,OK,200,1.58
2026-03-05,14:03:03,Mex Rent A Car,https://mexrentacar.com/es/index,OK,200,0.79
2026-03-05,14:03:03,Budget,https://budget.com.mx/#/,OK,200,0.41
2026-03-05,14:03:03,Localiza,https://www.localiza.com/mexico/es-mx,OK,200,1.14
2026-03-05,14:03:03,Enterprise,https://enterprise.mx/,OK,200,2.07
2026-03-05,14:03:03,Europcar,https://www.europcar.com.mx/,OK,200,0.94
2026-03-05,14:57:41,Hertz,https://www.hertzmexico.com/,OK,200,0.75
2026-03-05,14:57:41,Dollar,https://dollarmexico.com.mx/,OK,200,0.5
2026-03-05,14:57:41,Thrifty,https://www.thrifty.com.mx/,OK,200,0.61
2026-03-05,14:57:41,Firefly,https://www.fireflycarrental.com.mx/,OK,200,0.5
2026-03-05,14:57:41,Avis,https://avis.mx/,OK,200,1.01
2026-03-05,14:57:41,National,https://nationalcar.com.mx/,OK,200,3.77
2026-03-05,14:57:41,Alamo,https://www.alamo.com.mx/es,OK,200,1.51
2026-03-05,14:57:41,Mex Rent A Car,https://mexrentacar.com/es/index,OK,200,0.56
2026-03-05,14:57:41,Budget,https://budget.com.mx/#/,OK,200,0.65
2026-03-05,14:57:41,Localiza,https://www.localiza.com/mexico/es-mx,OK,200,1.1
2026-03-05,14:57:41,Enterprise,https://enterprise.mx/,OK,200,1.95
2026-03-05,14:57:41,Europcar,https://www.europcar.com.mx/,OK,200,0.71
2026-03-05,15:30:25,Hertz,https://www.hertzmexico.com/,OK,200,0.77
2026-03-05,15:30:25,Dollar,https://dollarmexico.com.mx/,OK,200,0.69
2026-03-05,15:30:25,Thrifty,https://www.thrifty.com.mx/,OK,200,0.69
2026-03-05,15:30:25,Firefly,https://www.fireflycarrental.com.mx/,OK,200,0.48
2026-03-05,15:30:25,Avis,https://avis.mx/,OK,200,0.79
2026-03-05,15:30:25,National,https://nationalcar.com.mx/,OK,200,2.39
2026-03-05,15:30:25,Alamo,https://www.alamo.com.mx/es,OK,200,1.8
2026-03-05,15:30:25,Mex Rent A Car,https://mexrentacar.com/es/index,OK,200,0.49
2026-03-05,15:30:25,Budget,https://budget.com.mx/#/,OK,200,0.75
2026-03-05,15:30:25,Localiza,https://www.localiza.com/mexico/es-mx,OK,200,1.39
2026-03-05,15:30:25,Enterprise,https://enterprise.mx/,OK,200,1.7
2026-03-05,15:30:25,Europcar,https://www.europcar.com.mx/,OK,200,0.72
2026-03-05,15:58:40,Hertz,https://www.hertzmexico.com/,OK,200,0.66
2026-03-05,15:58:40,Dollar,https://dollarmexico.com.mx/,OK,200,0.45
2026-03-05,15:58:40,Thrifty,https://www.thrifty.com.mx/,OK,200,0.56
2026-03-05,15:58:40,Firefly,https://www.fireflycarrental.com.mx/,OK,200,0.54
2026-03-05,15:58:40,Avis,https://avis.mx/,OK,200,0.7
2026-03-05,15:58:40,National,https://nationalcar.com.mx/,OK,200,2.34
2026-03-05,15:58:40,Alamo,https://www.alamo.com.mx/es,OK,200,1.86
2026-03-05,15:58:40,Mex Rent A Car,https://mexrentacar.com/es/index,OK,200,0.43
2026-03-05,15:58:40,Budget,https://budget.com.mx/#/,OK,200,0.46
2026-03-05,15:58:40,Localiza,https://www.localiza.com/mexico/es-mx,OK,200,1.36
2026-03-05,15:58:40,Enterprise,https://enterprise.mx/,OK,200,1.56
2026-03-05,15:58:40,Europcar,https://www.europcar.com.mx/,OK,200,1.11
2026-03-05,16:29:21,Hertz,https://www.hertzmexico.com/,OK,200,0.49
2026-03-05,16:29:21,Dollar,https://dollarmexico.com.mx/,OK,200,0.47
2026-03-05,16:29:21,Thrifty,https://www.thrifty.com.mx/,OK,200,0.53
2026-03-05,16:29:21,Firefly,https://www.fireflycarrental.com.mx/,OK,200,0.64
2026-03-05,16:29:21,Avis,https://avis.mx/,OK,200,0.81
2026-03-05,16:29:21,National,https://nationalcar.com.mx/,OK,200,2.36
2026-03-05,16:29:21,Alamo,https://www.alamo.com.mx/es,OK,200,1.7
2026-03-05,16:29:21,Mex Rent A Car,https://mexrentacar.com/es/index,OK,200,0.43
2026-03-05,16:29:21,Budget,https://budget.com.mx/#/,OK,200,0.45
2026-03-05,16:29:21,Localiza,https://www.localiza.com/mexico/es-mx,OK,200,1.92
2026-03-05,16:29:21,Enterprise,https://enterprise.mx/,OK,200,1.68
2026-03-05,16:29:21,Europcar,https://www.europcar.com.mx/,OK,200,0.8
2026-03-05,17:35:57,Hertz,https://www.hertzmexico.com/,OK,200,0.83
2026-03-05,17:35:57,Dollar,https://dollarmexico.com.mx/,OK,200,0.47
2026-03-05,17:35:57,Thrifty,https://www.thrifty.com.mx/,OK,200,0.47
2026-03-05,17:35:57,Firefly,https://www.fireflycarrental.com.mx/,OK,200,0.77
2026-03-05,17:35:57,Avis,https://avis.mx/,OK,200,1.0
2026-03-05,17:35:57,National,https://nationalcar.com.mx/,OK,200,3.92
2026-03-05,17:35:57,Alamo,https://www.alamo.com.mx/es,OK,200,1.34
2026-03-05,17:35:57,Mex Rent A Car,https://mexrentacar.com/es/index,OK,200,1.0
2026-03-05,17:35:57,Budget,https://budget.com.mx/#/,OK,200,0.71
2026-03-05,17:35:57,Localiza,https://www.localiza.com/mexico/es-mx,OK,200,1.03
2026-03-05,17:35:57,Enterprise,https://enterprise.mx/,OK,200,2.51
2026-03-05,17:35:57,Europcar,https://www.europcar.com.mx/,OK,200,0.65
2026-03-05,19:10:21,Hertz,https://www.hertzmexico.com/,OK,200,0.55
2026-03-05,19:10:21,Dollar,https://dollarmexico.com.mx/,OK,200,0.43
2026-03-05,19:10:21,Thrifty,https://www.thrifty.com.mx/,OK,200,0.6
2026-03-05,19:10:21,Firefly,https://www.fireflycarrental.com.mx/,OK,200,0.68
2026-03-05,19:10:21,Avis,https://avis.mx/,OK,200,1.08
2026-03-05,19:10:21,National,https://nationalcar.com.mx/,OK,200,3.99
2026-03-05,19:10:21,Alamo,https://www.alamo.com.mx/es,OK,200,1.26
2026-03-05,19:10:21,Mex Rent A Car,https://mexrentacar.com/es/index,OK,200,1.09
2026-03-05,19:10:21,Budget,https://budget.com.mx/#/,OK,200,0.52
2026-03-05,19:10:21,Localiza,https://www.localiza.com/mexico/es-mx,OK,200,0.95
2026-03-05,19:10:21,Enterprise,https://enterprise.mx/,OK,200,2.41
2026-03-05,19:10:21,Europcar,https://www.europcar.com.mx/,OK,200,0.67
2026-03-05,21:38:27,Hertz,https://www.hertzmexico.com/,OK,200,0.58
2026-03-05,21:38:27,Dollar,https://dollarmexico.com.mx/,OK,200,0.47
2026-03-05,21:38:27,Thrifty,https://www.thrifty.com.mx/,OK,200,0.67
2026-03-05,21:38:27,Firefly,https://www.fireflycarrental.com.mx/,OK,200,0.66
2026-03-05,21:38:27,Avis,https://avis.mx/,OK,200,0.8
2026-03-05,21:38:27,National,https://nationalcar.com.mx/,OK,200,2.25
2026-03-05,21:38:27,Alamo,https://www.alamo.com.mx/es,OK,200,1.7
2026-03-05,21:38:27,Mex Rent A Car,https://mexrentacar.com/es/index,OK,200,0.44
2026-03-05,21:38:27,Budget,https://budget.com.mx/#/,OK,200,0.5
2026-03-05,21:38:27,Localiza,https://www.localiza.com/mexico/es-mx,OK,200,1.16
2026-03-05,21:38:27,Enterprise,https://enterprise.mx/,OK,200,1.56
2026-03-05,21:38:27,Europcar,https://www.europcar.com.mx/,OK,200,0.92
2026-03-05,23:04:28,Hertz,https://www.hertzmexico.com/,OK,200,0.63
2026-03-05,23:04:28,Dollar,https://dollarmexico.com.mx/,OK,200,0.48
2026-03-05,23:04:28,Thrifty,https://www.thrifty.com.mx/,OK,200,0.63
2026-03-05,23:04:28,Firefly,https://www.fireflycarrental.com.mx/,OK,200,0.55
2026-03-05,23:04:28,Avis,https://avis.mx/,OK,200,1.08
2026-03-05,23:04:28,National,https://nationalcar.com.mx/,OK,200,2.53
2026-03-05,23:04:28,Alamo,https://www.alamo.com.mx/es,OK,200,1.53
2026-03-05,23:04:28,Mex Rent A Car,https://mexrentacar.com/es/index,OK,200,0.55
2026-03-05,23:04:28,Budget,https://budget.com.mx/#/,OK,200,0.49
2026-03-05,23:04:28,Localiza,https://www.localiza.com/mexico/es-mx,OK,200,1.08
2026-03-05,23:04:28,Enterprise,https://enterprise.mx/,OK,200,1.65
2026-03-05,23:04:28,Europcar,https://www.europcar.com.mx/,OK,200,0.76
2026-03-06,00:02:59,Hertz,https://www.hertzmexico.com/,OK,200,0.55
2026-03-06,00:02:59,Dollar,https://dollarmexico.com.mx/,OK,200,0.42
2026-03-06,00:02:59,Thrifty,https://www.thrifty.com.mx/,OK,200,0.59
2026-03-06,00:02:59,Firefly,https://www.fireflycarrental.com.mx/,OK,200,0.51
2026-03-06,00:02:59,Avis,https://avis.mx/,OK,200,0.85
2026-03-06,00:02:59,National,https://nationalcar.com.mx/,OK,200,2.47
2026-03-06,00:02:59,Alamo,https://www.alamo.com.mx/es,OK,200,1.79
2026-03-06,00:02:59,Mex Rent A Car,https://mexrentacar.com/es/index,OK,200,0.45
2026-03-06,00:02:59,Budget,https://budget.com.mx/#/,OK,200,0.77
2026-03-06,00:02:59,Localiza,https://www.localiza.com/mexico/es-mx,OK,200,1.04
2026-03-06,00:02:59,Enterprise,https://enterprise.mx/,OK,200,1.48
2026-03-06,00:02:59,Europcar,https://www.europcar.com.mx/,OK,200,0.86
2026-03-06,01:10:33,Hertz,https://www.hertzmexico.com/,OK,200,0.68
2026-03-06,01:10:33,Dollar,https://dollarmexico.com.mx/,OK,200,0.37
2026-03-06,01:10:33,Thrifty,https://www.thrifty.com.mx/,OK,200,0.35
2026-03-06,01:10:33,Firefly,https://www.fireflycarrental.com.mx/,OK,200,0.54
2026-03-06,01:10:33,Avis,https://avis.mx/,OK,200,0.78
2026-03-06,01:10:33,National,https://nationalcar.com.mx/,OK,200,4.16
2026-03-06,01:10:33,Alamo,https://www.alamo.com.mx/es,OK,200,1.2
2026-03-06,01:10:33,Mex Rent A Car,https://mexrentacar.com/es/index,OK,200,0.76
2026-03-06,01:10:33,Budget,https://budget.com.mx/#/,OK,200,0.64
2026-03-06,01:10:33,Localiza,https://www.localiza.com/mexico/es-mx,OK,200,1.32
2026-03-06,01:10:33,Enterprise,https://enterprise.mx/,OK,200,1.95
2026-03-06,01:10:33,Europcar,https://www.europcar.com.mx/,OK,200,0.66
2026-03-06,01:55:19,Hertz,https://www.hertzmexico.com/,OK,200,0.57
2026-03-06,01:55:19,Dollar,https://dollarmexico.com.mx/,OK,200,0.4
2026-03-06,01:55:19,Thrifty,https://www.thrifty.com.mx/,OK,200,0.52
2026-03-06,01:55:19,Firefly,https://www.fireflycarrental.com.mx/,OK,200,0.47
2026-03-06,01:55:19,Avis,https://avis.mx/,OK,200,0.88
2026-03-06,01:55:19,National,https://nationalcar.com.mx/,OK,200,4.01
2026-03-06,01:55:19,Alamo,https://www.alamo.com.mx/es,OK,200,1.16
2026-03-06,01:55:19,Mex Rent A Car,https://mexrentacar.com/es/index,OK,200,1.98
2026-03-06,01:55:19,Budget,https://budget.com.mx/#/,OK,200,0.75
2026-03-06,01:55:19,Localiza,https://www.localiza.com/mexico/es-mx,OK,200,1.07
2026-03-06,01:55:19,Enterprise,https://enterprise.mx/,OK,200,2.57
2026-03-06,01:55:19,Europcar,https://www.europcar.com.mx/,OK,200,1.35
2026-03-06,02:24:59,Hertz,https://www.hertzmexico.com/,OK,200,0.62
2026-03-06,02:24:59,Dollar,https://dollarmexico.com.mx/,OK,200,0.37
2026-03-06,02:24:59,Thrifty,https://www.thrifty.com.mx/,OK,200,0.41
2026-03-06,02:24:59,Firefly,https://www.fireflycarrental.com.mx/,OK,200,0.44
2026-03-06,02:24:59,Avis,https://avis.mx/,OK,200,0.9
2026-03-06,02:24:59,National,https://nationalcar.com.mx/,OK,200,3.79
2026-03-06,02:24:59,Alamo,https://www.alamo.com.mx/es,OK,200,1.32
2026-03-06,02:24:59,Mex Rent A Car,https://mexrentacar.com/es/index,OK,200,0.9
2026-03-06,02:24:59,Budget,https://budget.com.mx/#/,OK,200,0.46
2026-03-06,02:24:59,Localiza,https://www.localiza.com/mexico/es-mx,OK,200,1.12
2026-03-06,02:24:59,Enterprise,https://enterprise.mx/,OK,200,2.31
2026-03-06,02:24:59,Europcar,https://www.europcar.com.mx/,OK,200,4.24
2026-03-06,03:00:48,Hertz,https://www.hertzmexico.com/,OK,200,0.56
2026-03-06,03:00:48,Dollar,https://dollarmexico.com.mx/,OK,200,0.45
2026-03-06,03:00:48,Thrifty,https://www.thrifty.com.mx/,OK,200,0.52
2026-03-06,03:00:48,Firefly,https://www.fireflycarrental.com.mx/,OK,200,0.64
2026-03-06,03:00:48,Avis,https://avis.mx/,OK,200,0.77
2026-03-06,03:00:48,National,https://nationalcar.com.mx/,OK,200,2.29
2026-03-06,03:00:48,Alamo,https://www.alamo.com.mx/es,OK,200,1.62
2026-03-06,03:00:48,Mex Rent A Car,https://mexrentacar.com/es/index,OK,200,0.58
2026-03-06,03:00:48,Budget,https://budget.com.mx/#/,OK,200,0.79
2026-03-06,03:00:48,Localiza,https://www.localiza.com/mexico/es-mx,OK,200,1.18
2026-03-06,03:00:48,Enterprise,https://enterprise.mx/,OK,200,1.59
2026-03-06,03:00:48,Europcar,https://www.europcar.com.mx/,OK,200,0.66
2026-03-06,03:59:51,Hertz,https://www.hertzmexico.com/,OK,200,0.75
2026-03-06,03:59:51,Dollar,https://dollarmexico.com.mx/,OK,200,0.33
2026-03-06,03:59:51,Thrifty,https://www.thrifty.com.mx/,OK,200,0.54
2026-03-06,03:59:51,Firefly,https://www.fireflycarrental.com.mx/,OK,200,0.45
2026-03-06,03:59:51,Avis,https://avis.mx/,OK,200,1.03
2026-03-06,03:59:51,National,https://nationalcar.com.mx/,OK,200,3.89
2026-03-06,03:59:51,Alamo,https://www.alamo.com.mx/es,OK,200,1.25
2026-03-06,03:59:51,Mex Rent A Car,https://mexrentacar.com/es/index,OK,200,1.09
2026-03-06,03:59:51,Budget,https://budget.com.mx/#/,OK,200,0.74
2026-03-06,03:59:51,Localiza,https://www.localiza.com/mexico/es-mx,OK,200,1.29
2026-03-06,03:59:51,Enterprise,https://enterprise.mx/,OK,200,4.92
2026-03-06,03:59:51,Europcar,https://www.europcar.com.mx/,OK,200,1.16
2026-03-06,04:36:45,Hertz,https://www.hertzmexico.com/,OK,200,0.62
2026-03-06,04:36:45,Dollar,https://dollarmexico.com.mx/,OK,200,0.34
2026-03-06,04:36:45,Thrifty,https://www.thrifty.com.mx/,OK,200,0.51
2026-03-06,04:36:45,Firefly,https://www.fireflycarrental.com.mx/,OK,200,0.48
2026-03-06,04:36:45,Avis,https://avis.mx/,OK,200,0.99
2026-03-06,04:36:45,National,https://nationalcar.com.mx/,OK,200,4.04
2026-03-06,04:36:45,Alamo,https://www.alamo.com.mx/es,OK,200,1.19
2026-03-06,04:36:45,Mex Rent A Car,https://mexrentacar.com/es/index,OK,200,1.01
2026-03-06,04:36:45,Budget,https://budget.com.mx/#/,OK,200,0.51
2026-03-06,04:36:45,Localiza,https://www.localiza.com/mexico/es-mx,OK,200,1.03
2026-03-06,04:36:45,Enterprise,https://enterprise.mx/,OK,200,2.16
2026-03-06,04:36:45,Europcar,https://www.europcar.com.mx/,OK,200,0.65
2026-03-06,05:20:05,Hertz,https://www.hertzmexico.com/,OK,200,0.74
2026-03-06,05:20:05,Dollar,https://dollarmexico.com.mx/,OK,200,0.37
2026-03-06,05:20:05,Thrifty,https://www.thrifty.com.mx/,OK,200,0.53
2026-03-06,05:20:05,Firefly,https://www.fireflycarrental.com.mx/,OK,200,0.42
2026-03-06,05:20:05,Avis,https://avis.mx/,OK,200,0.85
2026-03-06,05:20:05,National,https://nationalcar.com.mx/,OK,200,4.44
2026-03-06,05:20:05,Alamo,https://www.alamo.com.mx/es,OK,200,1.24
2026-03-06,05:20:05,Mex Rent A Car,https://mexrentacar.com/es/index,OK,200,1.18
2026-03-06,05:20:05,Budget,https://budget.com.mx/#/,OK,200,0.48
2026-03-06,05:20:05,Localiza,https://www.localiza.com/mexico/es-mx,OK,200,0.96
2026-03-06,05:20:05,Enterprise,https://enterprise.mx/,OK,200,16.84
2026-03-06,05:20:05,Europcar,https://www.europcar.com.mx/,OK,200,0.7
2026-03-06,05:48:31,Hertz,https://www.hertzmexico.com/,OK,200,0.72
2026-03-06,05:48:31,Dollar,https://dollarmexico.com.mx/,OK,200,0.41
2026-03-06,05:48:31,Thrifty,https://www.thrifty.com.mx/,OK,200,0.53
2026-03-06,05:48:31,Firefly,https://www.fireflycarrental.com.mx/,OK,200,0.57
2026-03-06,05:48:31,Avis,https://avis.mx/,OK,200,0.85
2026-03-06,05:48:31,National,https://nationalcar.com.mx/,OK,200,4.03
2026-03-06,05:48:31,Alamo,https://www.alamo.com.mx/es,OK,200,1.22
2026-03-06,05:48:31,Mex Rent A Car,https://mexrentacar.com/es/index,OK,200,1.03
2026-03-06,05:48:31,Budget,https://budget.com.mx/#/,OK,200,0.57
2026-03-06,05:48:31,Localiza,https://www.localiza.com/mexico/es-mx,OK,200,1.11
2026-03-06,05:48:31,Enterprise,https://enterprise.mx/,OK,200,2.5
2026-03-06,05:48:31,Europcar,https://www.europcar.com.mx/,OK,200,0.93
2026-03-06,06:29:50,Hertz,https://www.hertzmexico.com/,OK,200,0.67
2026-03-06,06:29:50,Dollar,https://dollarmexico.com.mx/,OK,200,0.42
2026-03-06,06:29:50,Thrifty,https://www.thrifty.com.mx/,OK,200,0.57
2026-03-06,06:29:50,Firefly,https://www.fireflycarrental.com.mx/,OK,200,0.57
2026-03-06,06:29:50,Avis,https://avis.mx/,OK,200,0.9
2026-03-06,06:29:50,National,https://nationalcar.com.mx/,OK,200,4.0
2026-03-06,06:29:50,Alamo,https://www.alamo.com.mx/es,OK,200,1.25
2026-03-06,06:29:50,Mex Rent A Car,https://mexrentacar.com/es/index,OK,200,1.17
2026-03-06,06:29:50,Budget,https://budget.com.mx/#/,OK,200,0.83
2026-03-06,06:29:50,Localiza,https://www.localiza.com/mexico/es-mx,OK,200,1.17
2026-03-06,06:29:50,Enterprise,https://enterprise.mx/,OK,200,16.35
2026-03-06,06:29:50,Europcar,https://www.europcar.com.mx/,OK,200,2.37
2026-03-06,07:34:53,Hertz,https://www.hertzmexico.com/,OK,200,0.68
2026-03-06,07:34:53,Dollar,https://dollarmexico.com.mx/,OK,200,0.5
2026-03-06,07:34:53,Thrifty,https://www.thrifty.com.mx/,OK,200,0.58
2026-03-06,07:34:53,Firefly,https://www.fireflycarrental.com.mx/,OK,200,0.54
2026-03-06,07:34:53,Avis,https://avis.mx/,OK,200,0.85
2026-03-06,07:34:53,National,https://nationalcar.com.mx/,OK,200,2.65
2026-03-06,07:34:53,Alamo,https://www.alamo.com.mx/es,OK,200,1.83
2026-03-06,07:34:53,Mex Rent A Car,https://mexrentacar.com/es/index,OK,200,0.54
2026-03-06,07:34:53,Budget,https://budget.com.mx/#/,OK,200,0.75
2026-03-06,07:34:53,Localiza,https://www.localiza.com/mexico/es-mx,OK,200,1.1
2026-03-06,07:34:53,Enterprise,https://enterprise.mx/,OK,200,2.6
2026-03-06,07:34:53,Europcar,https://www.europcar.com.mx/,OK,200,0.47
2026-03-06,08:28:47,Hertz,https://www.hertzmexico.com/,OK,200,0.81
2026-03-06,08:28:47,Dollar,https://dollarmexico.com.mx/,OK,200,0.47
2026-03-06,08:28:47,Thrifty,https://www.thrifty.com.mx/,OK,200,0.54
2026-03-06,08:28:47,Firefly,https://www.fireflycarrental.com.mx/,OK,200,0.47
2026-03-06,08:28:47,Avis,https://avis.mx/,OK,200,0.84
2026-03-06,08:28:47,National,https://nationalcar.com.mx/,OK,200,3.99
2026-03-06,08:28:47,Alamo,https://www.alamo.com.mx/es,OK,200,1.37
2026-03-06,08:28:47,Mex Rent A Car,https://mexrentacar.com/es/index,OK,200,4.19
2026-03-06,08:28:47,Budget,https://budget.com.mx/#/,OK,200,0.73
2026-03-06,08:28:47,Localiza,https://www.localiza.com/mexico/es-mx,OK,200,1.15
2026-03-06,08:28:47,Enterprise,https://enterprise.mx/,OK,200,2.03
2026-03-06,08:28:47,Europcar,https://www.europcar.com.mx/,OK,200,0.88
2026-03-06,09:04:27,Hertz,https://www.hertzmexico.com/,OK,200,0.59
2026-03-06,09:04:27,Dollar,https://dollarmexico.com.mx/,OK,200,0.54
2026-03-06,09:04:27,Thrifty,https://www.thrifty.com.mx/,OK,200,0.71
2026-03-06,09:04:27,Firefly,https://www.fireflycarrental.com.mx/,OK,200,0.55
2026-03-06,09:04:27,Avis,https://avis.mx/,OK,200,0.98
2026-03-06,09:04:27,National,https://nationalcar.com.mx/,OK,200,2.49
2026-03-06,09:04:27,Alamo,https://www.alamo.com.mx/es,OK,200,1.67
2026-03-06,09:04:27,Mex Rent A Car,https://mexrentacar.com/es/index,OK,200,0.47
2026-03-06,09:04:27,Budget,https://budget.com.mx/#/,OK,200,0.89
2026-03-06,09:04:27,Localiza,https://www.localiza.com/mexico/es-mx,OK,200,1.06
2026-03-06,09:04:27,Enterprise,https://enterprise.mx/,OK,200,1.71
2026-03-06,09:04:27,Europcar,https://www.europcar.com.mx/,OK,200,3.83
2026-03-06,09:57:12,Hertz,https://www.hertzmexico.com/,OK,200,0.54
2026-03-06,09:57:12,Dollar,https://dollarmexico.com.mx/,OK,200,0.51
2026-03-06,09:57:12,Thrifty,https://www.thrifty.com.mx/,OK,200,0.47
2026-03-06,09:57:12,Firefly,https://www.fireflycarrental.com.mx/,OK,200,0.36
2026-03-06,09:57:12,Avis,https://avis.mx/,OK,200,0.89
2026-03-06,09:57:12,National,https://nationalcar.com.mx/,OK,200,4.32
2026-03-06,09:57:12,Alamo,https://www.alamo.com.mx/es,OK,200,1.24
2026-03-06,09:57:12,Mex Rent A Car,https://mexrentacar.com/es/index,OK,200,0.81
2026-03-06,09:57:12,Budget,https://budget.com.mx/#/,OK,200,0.43
2026-03-06,09:57:12,Localiza,https://www.localiza.com/mexico/es-mx,OK,200,1.28
2026-03-06,09:57:12,Enterprise,https://enterprise.mx/,OK,200,2.07
2026-03-06,09:57:12,Europcar,https://www.europcar.com.mx/,OK,200,0.69
2026-03-06,10:33:09,Hertz,https://www.hertzmexico.com/,OK,200,0.76
2026-03-06,10:33:09,Dollar,https://dollarmexico.com.mx/,OK,200,0.39
2026-03-06,10:33:09,Thrifty,https://www.thrifty.com.mx/,OK,200,0.55
2026-03-06,10:33:09,Firefly,https://www.fireflycarrental.com.mx/,OK,200,0.61
2026-03-06,10:33:09,Avis,https://avis.mx/,OK,200,0.74
2026-03-06,10:33:09,National,https://nationalcar.com.mx/,OK,200,3.37
2026-03-06,10:33:09,Alamo,https://www.alamo.com.mx/es,OK,200,4.91
2026-03-06,10:33:09,Mex Rent A Car,https://mexrentacar.com/es/index,OK,200,0.7
2026-03-06,10:33:09,Budget,https://budget.com.mx/#/,OK,200,0.48
2026-03-06,10:33:09,Localiza,https://www.localiza.com/mexico/es-mx,OK,200,1.35
2026-03-06,10:33:09,Enterprise,https://enterprise.mx/,OK,200,2.02
2026-03-06,10:33:09,Europcar,https://www.europcar.com.mx/,OK,200,0.62
2026-03-06,11:26:21,Hertz,https://www.hertzmexico.com/,OK,200,0.77
2026-03-06,11:26:21,Dollar,https://dollarmexico.com.mx/,OK,200,1.02
2026-03-06,11:26:21,Thrifty,https://www.thrifty.com.mx/,OK,200,0.58
2026-03-06,11:26:21,Firefly,https://www.fireflycarrental.com.mx/,OK,200,0.5
2026-03-06,11:26:21,Avis,https://avis.mx/,OK,200,0.84
2026-03-06,11:26:21,National,https://nationalcar.com.mx/,OK,200,2.76
2026-03-06,11:26:21,Alamo,https://www.alamo.com.mx/es,OK,200,1.77
2026-03-06,11:26:21,Mex Rent A Car,https://mexrentacar.com/es/index,OK,200,0.61
2026-03-06,11:26:21,Budget,https://budget.com.mx/#/,OK,200,0.5
2026-03-06,11:26:21,Localiza,https://www.localiza.com/mexico/es-mx,OK,200,1.0
2026-03-06,11:26:21,Enterprise,https://enterprise.mx/,OK,200,1.6
2026-03-06,11:26:21,Europcar,https://www.europcar.com.mx/,OK,200,0.81
2026-03-06,11:58:00,Hertz,https://www.hertzmexico.com/,OK,200,0.6
2026-03-06,11:58:00,Dollar,https://dollarmexico.com.mx/,OK,200,0.47
2026-03-06,11:58:00,Thrifty,https://www.thrifty.com.mx/,OK,200,0.55
2026-03-06,11:58:00,Firefly,https://www.fireflycarrental.com.mx/,OK,200,0.57
2026-03-06,11:58:00,Avis,https://avis.mx/,OK,200,0.73
2026-03-06,11:58:00,National,https://nationalcar.com.mx/,OK,200,2.46
2026-03-06,11:58:00,Alamo,https://www.alamo.com.mx/es,OK,200,1.94
2026-03-06,11:58:00,Mex Rent A Car,https://mexrentacar.com/es/index,OK,200,0.62
2026-03-06,11:58:00,Budget,https://budget.com.mx/#/,OK,200,1.17
2026-03-06,11:58:00,Localiza,https://www.localiza.com/mexico/es-mx,OK,200,1.01
2026-03-06,11:58:00,Enterprise,https://enterprise.mx/,OK,200,1.59
2026-03-06,11:58:00,Europcar,https://www.europcar.com.mx/,OK,200,0.7
2026-03-06,12:38:56,Hertz,https://www.hertzmexico.com/,OK,200,0.56
2026-03-06,12:38:56,Dollar,https://dollarmexico.com.mx/,OK,200,0.37
2026-03-06,12:38:56,Thrifty,https://www.thrifty.com.mx/,OK,200,0.52
2026-03-06,12:38:56,Firefly,https://www.fireflycarrental.com.mx/,OK,200,0.51
2026-03-06,12:38:56,Avis,https://avis.mx/,OK,200,0.88
2026-03-06,12:38:56,National,https://nationalcar.com.mx/,OK,200,2.49
2026-03-06,12:38:56,Alamo,https://www.alamo.com.mx/es,OK,200,1.73
2026-03-06,12:38:56,Mex Rent A Car,https://mexrentacar.com/es/index,OK,200,0.54
2026-03-06,12:38:56,Budget,https://budget.com.mx/#/,OK,200,0.77
2026-03-06,12:38:56,Localiza,https://www.localiza.com/mexico/es-mx,OK,200,1.51
2026-03-06,12:38:56,Enterprise,https://enterprise.mx/,OK,200,1.57
2026-03-06,12:38:56,Europcar,https://www.europcar.com.mx/,OK,200,0.73
2026-03-06,13:27:12,Hertz,https://www.hertzmexico.com/,OK,200,0.55
2026-03-06,13:27:12,Dollar,https://dollarmexico.com.mx/,OK,200,1.1
2026-03-06,13:27:12,Thrifty,https://www.thrifty.com.mx/,OK,200,0.65
2026-03-06,13:27:12,Firefly,https://www.fireflycarrental.com.mx/,OK,200,0.6
2026-03-06,13:27:12,Avis,https://avis.mx/,OK,200,0.82
2026-03-06,13:27:12,National,https://nationalcar.com.mx/,OK,200,2.43
2026-03-06,13:27:12,Alamo,https://www.alamo.com.mx/es,OK,200,1.74
2026-03-06,13:27:12,Mex Rent A Car,https://mexrentacar.com/es/index,OK,200,0.43
2026-03-06,13:27:12,Budget,https://budget.com.mx/#/,OK,200,1.26
2026-03-06,13:27:12,Localiza,https://www.localiza.com/mexico/es-mx,OK,200,1.23
2026-03-06,13:27:12,Enterprise,https://enterprise.mx/,OK,200,1.59
2026-03-06,13:27:12,Europcar,https://www.europcar.com.mx/,OK,200,0.81
2026-03-06,13:53:05,Hertz,https://www.hertzmexico.com/,OK,200,0.61
2026-03-06,13:53:05,Dollar,https://dollarmexico.com.mx/,OK,200,0.45
2026-03-06,13:53:05,Thrifty,https://www.thrifty.com.mx/,OK,200,0.51
2026-03-06,13:53:05,Firefly,https://www.fireflycarrental.com.mx/,OK,200,0.5
2026-03-06,13:53:05,Avis,https://avis.mx/,OK,200,0.78
2026-03-06,13:53:05,National,https://nationalcar.com.mx/,OK,200,2.36
2026-03-06,13:53:05,Alamo,https://www.alamo.com.mx/es,OK,200,2.58
2026-03-06,13:53:05,Mex Rent A Car,https://mexrentacar.com/es/index,OK,200,0.51
2026-03-06,13:53:05,Budget,https://budget.com.mx/#/,OK,200,1.12
2026-03-06,13:53:05,Localiza,https://www.localiza.com/mexico/es-mx,OK,200,1.0
2026-03-06,13:53:05,Enterprise,https://enterprise.mx/,OK,200,1.53
2026-03-06,13:53:05,Europcar,https://www.europcar.com.mx/,OK,200,0.98
2026-03-06,14:19:32,Hertz,https://www.hertzmexico.com/,OK,200,0.59
2026-03-06,14:19:32,Dollar,https://dollarmexico.com.mx/,OK,200,0.34
2026-03-06,14:19:32,Thrifty,https://www.thrifty.com.mx/,OK,200,0.38
2026-03-06,14:19:32,Firefly,https://www.fireflycarrental.com.mx/,OK,200,0.41
2026-03-06,14:19:32,Avis,https://avis.mx/,OK,200,1.02
2026-03-06,14:19:32,National,https://nationalcar.com.mx/,OK,200,4.24
2026-03-06,14:19:32,Alamo,https://www.alamo.com.mx/es,OK,200,1.42
2026-03-06,14:19:32,Mex Rent A Car,https://mexrentacar.com/es/index,OK,200,0.77
2026-03-06,14:19:32,Budget,https://budget.com.mx/#/,OK,200,0.41
2026-03-06,14:19:32,Localiza,https://www.localiza.com/mexico/es-mx,OK,200,1.14
2026-03-06,14:19:32,Enterprise,https://enterprise.mx/,OK,200,2.1
2026-03-06,14:19:32,Europcar,https://www.europcar.com.mx/,OK,200,0.71
2026-03-06,14:52:37,Hertz,https://www.hertzmexico.com/,OK,200,0.58
2026-03-06,14:52:37,Dollar,https://dollarmexico.com.mx/,OK,200,0.34
2026-03-06,14:52:37,Thrifty,https://www.thrifty.com.mx/,OK,200,0.41
2026-03-06,14:52:37,Firefly,https://www.fireflycarrental.com.mx/,OK,200,0.38
2026-03-06,14:52:37,Avis,https://avis.mx/,OK,200,0.88
2026-03-06,14:52:37,National,https://nationalcar.com.mx/,OK,200,4.0
2026-03-06,14:52:37,Alamo,https://www.alamo.com.mx/es,OK,200,1.3
2026-03-06,14:52:37,Mex Rent A Car,https://mexrentacar.com/es/index,OK,200,0.79
2026-03-06,14:52:37,Budget,https://budget.com.mx/#/,OK,200,0.52
2026-03-06,14:52:37,Localiza,https://www.localiza.com/mexico/es-mx,OK,200,1.19
2026-03-06,14:52:37,Enterprise,https://enterprise.mx/,OK,200,2.13
2026-03-06,14:52:37,Europcar,https://www.europcar.com.mx/,OK,200,1.52
2026-03-06,15:19:18,Hertz,https://www.hertzmexico.com/,OK,200,0.61
2026-03-06,15:19:18,Dollar,https://dollarmexico.com.mx/,OK,200,0.44
2026-03-06,15:19:18,Thrifty,https://www.thrifty.com.mx/,OK,200,0.53
2026-03-06,15:19:18,Firefly,https://www.fireflycarrental.com.mx/,OK,200,0.46
2026-03-06,15:19:18,Avis,https://avis.mx/,OK,200,0.87
2026-03-06,15:19:18,National,https://nationalcar.com.mx/,OK,200,2.39
2026-03-06,15:19:18,Alamo,https://www.alamo.com.mx/es,OK,200,2.18
2026-03-06,15:19:18,Mex Rent A Car,https://mexrentacar.com/es/index,OK,200,0.46
2026-03-06,15:19:18,Budget,https://budget.com.mx/#/,OK,200,1.28
2026-03-06,15:19:18,Localiza,https://www.localiza.com/mexico/es-mx,OK,200,1.41
2026-03-06,15:19:18,Enterprise,https://enterprise.mx/,OK,200,1.51
2026-03-06,15:19:18,Europcar,https://www.europcar.com.mx/,OK,200,0.67
2026-03-06,15:49:00,Hertz,https://www.hertzmexico.com/,OK,200,0.63
2026-03-06,15:49:00,Dollar,https://dollarmexico.com.mx/,OK,200,0.4
2026-03-06,15:49:00,Thrifty,https://www.thrifty.com.mx/,OK,200,0.42
2026-03-06,15:49:00,Firefly,https://www.fireflycarrental.com.mx/,OK,200,0.44
2026-03-06,15:49:00,Avis,https://avis.mx/,OK,200,0.88
2026-03-06,15:49:00,National,https://nationalcar.com.mx/,OK,200,4.14
2026-03-06,15:49:00,Alamo,https://www.alamo.com.mx/es,OK,200,1.32
2026-03-06,15:49:00,Mex Rent A Car,https://mexrentacar.com/es/index,OK,200,1.0
2026-03-06,15:49:00,Budget,https://budget.com.mx/#/,OK,200,1.17
2026-03-06,15:49:00,Localiza,https://www.localiza.com/mexico/es-mx,OK,200,1.19
2026-03-06,15:49:00,Enterprise,https://enterprise.mx/,OK,200,2.6
2026-03-06,15:49:00,Europcar,https://www.europcar.com.mx/,OK,200,0.67
2026-03-06,16:16:38,Hertz,https://www.hertzmexico.com/,OK,200,0.6
2026-03-06,16:16:38,Dollar,https://dollarmexico.com.mx/,OK,200,0.41
2026-03-06,16:16:38,Thrifty,https://www.thrifty.com.mx/,OK,200,0.52
2026-03-06,16:16:38,Firefly,https://www.fireflycarrental.com.mx/,OK,200,0.56
2026-03-06,16:16:38,Avis,https://avis.mx/,OK,200,0.88
2026-03-06,16:16:38,National,https://nationalcar.com.mx/,OK,200,4.13
2026-03-06,16:16:38,Alamo,https://www.alamo.com.mx/es,OK,200,1.42
2026-03-06,16:16:38,Mex Rent A Car,https://mexrentacar.com/es/index,OK,200,1.03
2026-03-06,16:16:38,Budget,https://budget.com.mx/#/,OK,200,0.59
2026-03-06,16:16:38,Localiza,https://www.localiza.com/mexico/es-mx,OK,200,1.03
2026-03-06,16:16:38,Enterprise,https://enterprise.mx/,OK,200,2.63
2026-03-06,16:16:38,Europcar,https://www.europcar.com.mx/,OK,200,0.71
2026-03-06,16:52:06,Hertz,https://www.hertzmexico.com/,OK,200,0.71
2026-03-06,16:52:06,Dollar,https://dollarmexico.com.mx/,OK,200,0.48
2026-03-06,16:52:06,Thrifty,https://www.thrifty.com.mx/,OK,200,0.5
2026-03-06,16:52:06,Firefly,https://www.fireflycarrental.com.mx/,OK,200,0.47
2026-03-06,16:52:06,Avis,https://avis.mx/,OK,200,0.71
2026-03-06,16:52:06,National,https://nationalcar.com.mx/,OK,200,2.3
2026-03-06,16:52:06,Alamo,https://www.alamo.com.mx/es,OK,200,1.58
2026-03-06,16:52:06,Mex Rent A Car,https://mexrentacar.com/es/index,OK,200,0.42
2026-03-06,16:52:06,Budget,https://budget.com.mx/#/,OK,200,1.21
2026-03-06,16:52:06,Localiza,https://www.localiza.com/mexico/es-mx,OK,200,1.36
2026-03-06,16:52:06,Enterprise,https://enterprise.mx/,OK,200,1.57
2026-03-06,16:52:06,Europcar,https://www.europcar.com.mx/,OK,200,1.39
2026-03-06,17:18:00,Hertz,https://www.hertzmexico.com/,OK,200,0.84
2026-03-06,17:18:00,Dollar,https://dollarmexico.com.mx/,OK,200,0.49
2026-03-06,17:18:00,Thrifty,https://www.thrifty.com.mx/,OK,200,0.52
2026-03-06,17:18:00,Firefly,https://www.fireflycarrental.com.mx/,OK,200,0.48
2026-03-06,17:18:00,Avis,https://avis.mx/,OK,200,0.94
2026-03-06,17:18:00,National,https://nationalcar.com.mx/,OK,200,4.01
2026-03-06,17:18:00,Alamo,https://www.alamo.com.mx/es,OK,200,1.03
2026-03-06,17:18:00,Mex Rent A Car,https://mexrentacar.com/es/index,OK,200,0.99
2026-03-06,17:18:00,Budget,https://budget.com.mx/#/,OK,200,0.61
2026-03-06,17:18:00,Localiza,https://www.localiza.com/mexico/es-mx,OK,200,1.27
2026-03-06,17:18:00,Enterprise,https://enterprise.mx/,OK,200,2.59
2026-03-06,17:18:00,Europcar,https://www.europcar.com.mx/,OK,200,0.71
2026-03-06,17:46:51,Hertz,https://www.hertzmexico.com/,OK,200,0.62
2026-03-06,17:46:51,Dollar,https://dollarmexico.com.mx/,OK,200,0.33
2026-03-06,17:46:51,Thrifty,https://www.thrifty.com.mx/,OK,200,0.4
2026-03-06,17:46:51,Firefly,https://www.fireflycarrental.com.mx/,OK,200,0.36
2026-03-06,17:46:51,Avis,https://avis.mx/,OK,200,0.92
2026-03-06,17:46:51,National,https://nationalcar.com.mx/,OK,200,3.75
2026-03-06,17:46:51,Alamo,https://www.alamo.com.mx/es,OK,200,1.38
2026-03-06,17:46:51,Mex Rent A Car,https://mexrentacar.com/es/index,OK,200,0.95
2026-03-06,17:46:51,Budget,https://budget.com.mx/#/,OK,200,0.63
2026-03-06,17:46:51,Localiza,https://www.localiza.com/mexico/es-mx,OK,200,1.14
2026-03-06,17:46:51,Enterprise,https://enterprise.mx/,OK,200,1.97
2026-03-06,17:46:51,Europcar,https://www.europcar.com.mx/,OK,200,0.73
2026-03-06,19:01:35,Hertz,https://www.hertzmexico.com/,OK,200,0.59
2026-03-06,19:01:35,Dollar,https://dollarmexico.com.mx/,OK,200,0.45
2026-03-06,19:01:35,Thrifty,https://www.thrifty.com.mx/,OK,200,0.51
2026-03-06,19:01:35,Firefly,https://www.fireflycarrental.com.mx/,OK,200,0.7
2026-03-06,19:01:35,Avis,https://avis.mx/,OK,200,0.76
2026-03-06,19:01:35,National,https://nationalcar.com.mx/,OK,200,2.35
2026-03-06,19:01:35,Alamo,https://www.alamo.com.mx/es,OK,200,1.68
2026-03-06,19:01:35,Mex Rent A Car,https://mexrentacar.com/es/index,OK,200,0.4
2026-03-06,19:01:35,Budget,https://budget.com.mx/#/,OK,200,0.77
2026-03-06,19:01:35,Localiza,https://www.localiza.com/mexico/es-mx,OK,200,1.55
2026-03-06,19:01:35,Enterprise,https://enterprise.mx/,OK,200,2.59
2026-03-06,19:01:35,Europcar,https://www.europcar.com.mx/,OK,200,0.73
2026-03-06,21:27:55,Hertz,https://www.hertzmexico.com/,OK,200,0.57
2026-03-06,21:27:55,Dollar,https://dollarmexico.com.mx/,OK,200,0.32
2026-03-06,21:27:55,Thrifty,https://www.thrifty.com.mx/,OK,200,0.4
2026-03-06,21:27:55,Firefly,https://www.fireflycarrental.com.mx/,OK,200,0.49
2026-03-06,21:27:55,Avis,https://avis.mx/,OK,200,0.94
2026-03-06,21:27:55,National,https://nationalcar.com.mx/,OK,200,4.04
2026-03-06,21:27:55,Alamo,https://www.alamo.com.mx/es,OK,200,1.2
2026-03-06,21:27:55,Mex Rent A Car,https://mexrentacar.com/es/index,OK,200,0.8
2026-03-06,21:27:55,Budget,https://budget.com.mx/#/,OK,200,0.67
2026-03-06,21:27:55,Localiza,https://www.localiza.com/mexico/es-mx,OK,200,1.63
2026-03-06,21:27:55,Enterprise,https://enterprise.mx/,OK,200,1.96
2026-03-06,21:27:55,Europcar,https://www.europcar.com.mx/,OK,200,0.83
2026-03-06,22:45:36,Hertz,https://www.hertzmexico.com/,OK,200,0.56
2026-03-06,22:45:36,Dollar,https://dollarmexico.com.mx/,OK,200,0.51
2026-03-06,22:45:36,Thrifty,https://www.thrifty.com.mx/,OK,200,0.5
2026-03-06,22:45:36,Firefly,https://www.fireflycarrental.com.mx/,OK,200,0.5
2026-03-06,22:45:36,Avis,https://avis.mx/,OK,200,0.76
2026-03-06,22:45:36,National,https://nationalcar.com.mx/,OK,200,2.32
2026-03-06,22:45:36,Alamo,https://www.alamo.com.mx/es,OK,200,1.69
2026-03-06,22:45:36,Mex Rent A Car,https://mexrentacar.com/es/index,OK,200,0.45
2026-03-06,22:45:36,Budget,https://budget.com.mx/#/,OK,200,0.78
2026-03-06,22:45:36,Localiza,https://www.localiza.com/mexico/es-mx,OK,200,1.37
2026-03-06,22:45:36,Enterprise,https://enterprise.mx/,OK,200,1.69
2026-03-06,22:45:36,Europcar,https://www.europcar.com.mx/,OK,200,1.25
2026-03-06,23:31:18,Hertz,https://www.hertzmexico.com/,OK,200,0.96
2026-03-06,23:31:18,Dollar,https://dollarmexico.com.mx/,OK,200,0.5
2026-03-06,23:31:18,Thrifty,https://www.thrifty.com.mx/,OK,200,0.53
2026-03-06,23:31:18,Firefly,https://www.fireflycarrental.com.mx/,OK,200,0.45
2026-03-06,23:31:18,Avis,https://avis.mx/,OK,200,0.85
2026-03-06,23:31:18,National,https://nationalcar.com.mx/,OK,200,4.04
2026-03-06,23:31:18,Alamo,https://www.alamo.com.mx/es,OK,200,1.14
2026-03-06,23:31:18,Mex Rent A Car,https://mexrentacar.com/es/index,OK,200,0.98
2026-03-06,23:31:18,Budget,https://budget.com.mx/#/,OK,200,0.78
2026-03-06,23:31:18,Localiza,https://www.localiza.com/mexico/es-mx,OK,200,0.99
2026-03-06,23:31:18,Enterprise,https://enterprise.mx/,OK,200,2.62
2026-03-06,23:31:18,Europcar,https://www.europcar.com.mx/,OK,200,0.67
2026-03-07,00:25:01,Hertz,https://www.hertzmexico.com/,OK,200,0.67
2026-03-07,00:25:01,Dollar,https://dollarmexico.com.mx/,OK,200,0.48
2026-03-07,00:25:01,Thrifty,https://www.thrifty.com.mx/,OK,200,0.79
2026-03-07,00:25:01,Firefly,https://www.fireflycarrental.com.mx/,OK,200,0.5
2026-03-07,00:25:01,Avis,https://avis.mx/,OK,200,1.06
2026-03-07,00:25:01,National,https://nationalcar.com.mx/,OK,200,3.42
2026-03-07,00:25:01,Alamo,https://www.alamo.com.mx/es,OK,200,1.47
2026-03-07,00:25:01,Mex Rent A Car,https://mexrentacar.com/es/index,OK,200,0.59
2026-03-07,00:25:01,Budget,https://budget.com.mx/#/,OK,200,0.52
2026-03-07,00:25:01,Localiza,https://www.localiza.com/mexico/es-mx,OK,200,1.2
2026-03-07,00:25:01,Enterprise,https://enterprise.mx/,OK,200,16.15
2026-03-07,00:25:01,Europcar,https://www.europcar.com.mx/,OK,200,0.86
2026-03-07,01:02:21,Hertz,https://www.hertzmexico.com/,OK,200,0.73
2026-03-07,01:02:21,Dollar,https://dollarmexico.com.mx/,OK,200,0.34
2026-03-07,01:02:21,Thrifty,https://www.thrifty.com.mx/,OK,200,0.49
2026-03-07,01:02:21,Firefly,https://www.fireflycarrental.com.mx/,OK,200,0.44
2026-03-07,01:02:21,Avis,https://avis.mx/,OK,200,0.85
2026-03-07,01:02:21,National,https://nationalcar.com.mx/,OK,200,4.02
2026-03-07,01:02:21,Alamo,https://www.alamo.com.mx/es,OK,200,1.18
2026-03-07,01:02:21,Mex Rent A Car,https://mexrentacar.com/es/index,OK,200,0.79
2026-03-07,01:02:21,Budget,https://budget.com.mx/#/,OK,200,0.45
2026-03-07,01:02:21,Localiza,https://www.localiza.com/mexico/es-mx,OK,200,1.28
2026-03-07,01:02:21,Enterprise,https://enterprise.mx/,OK,200,2.08
2026-03-07,01:02:21,Europcar,https://www.europcar.com.mx/,OK,200,0.65
2026-03-07,01:46:20,Hertz,https://www.hertzmexico.com/,OK,200,0.77
2026-03-07,01:46:20,Dollar,https://dollarmexico.com.mx/,OK,200,0.36
2026-03-07,01:46:20,Thrifty,https://www.thrifty.com.mx/,OK,200,0.63
2026-03-07,01:46:20,Firefly,https://www.fireflycarrental.com.mx/,OK,200,0.44
2026-03-07,01:46:20,Avis,https://avis.mx/,OK,200,0.77
2026-03-07,01:46:20,National,https://nationalcar.com.mx/,OK,200,3.7
2026-03-07,01:46:20,Alamo,https://www.alamo.com.mx/es,OK,200,1.26
2026-03-07,01:46:20,Mex Rent A Car,https://mexrentacar.com/es/index,OK,200,0.69
2026-03-07,01:46:20,Budget,https://budget.com.mx/#/,OK,200,0.56
2026-03-07,01:46:20,Localiza,https://www.localiza.com/mexico/es-mx,OK,200,1.68
2026-03-07,01:46:20,Enterprise,https://enterprise.mx/,OK,200,2.26
2026-03-07,01:46:20,Europcar,https://www.europcar.com.mx/,OK,200,0.61
2026-03-07,02:17:10,Hertz,https://www.hertzmexico.com/,OK,200,0.79
2026-03-07,02:17:10,Dollar,https://dollarmexico.com.mx/,OK,200,0.46
2026-03-07,02:17:10,Thrifty,https://www.thrifty.com.mx/,OK,200,0.63
2026-03-07,02:17:10,Firefly,https://www.fireflycarrental.com.mx/,OK,200,0.54
2026-03-07,02:17:10,Avis,https://avis.mx/,OK,200,0.88
2026-03-07,02:17:10,National,https://nationalcar.com.mx/,OK,200,3.21
2026-03-07,02:17:10,Alamo,https://www.alamo.com.mx/es,OK,200,1.56
2026-03-07,02:17:10,Mex Rent A Car,https://mexrentacar.com/es/index,OK,200,0.57
2026-03-07,02:17:10,Budget,https://budget.com.mx/#/,OK,200,0.59
2026-03-07,02:17:10,Localiza,https://www.localiza.com/mexico/es-mx,OK,200,1.5
2026-03-07,02:17:10,Enterprise,https://enterprise.mx/,OK,200,1.93
2026-03-07,02:17:10,Europcar,https://www.europcar.com.mx/,OK,200,0.66
2026-03-07,02:51:24,Hertz,https://www.hertzmexico.com/,OK,200,0.72
2026-03-07,02:51:24,Dollar,https://dollarmexico.com.mx/,OK,200,0.33
2026-03-07,02:51:24,Thrifty,https://www.thrifty.com.mx/,OK,200,0.49
2026-03-07,02:51:24,Firefly,https://www.fireflycarrental.com.mx/,OK,200,0.42
2026-03-07,02:51:24,Avis,https://avis.mx/,OK,200,0.86
2026-03-07,02:51:24,National,https://nationalcar.com.mx/,OK,200,4.02
2026-03-07,02:51:24,Alamo,https://www.alamo.com.mx/es,OK,200,1.2
2026-03-07,02:51:24,Mex Rent A Car,https://mexrentacar.com/es/index,OK,200,1.1
2026-03-07,02:51:24,Budget,https://budget.com.mx/#/,OK,200,0.79
2026-03-07,02:51:24,Localiza,https://www.localiza.com/mexico/es-mx,OK,200,1.13
2026-03-07,02:51:24,Enterprise,https://enterprise.mx/,OK,200,2.65
2026-03-07,02:51:24,Europcar,https://www.europcar.com.mx/,OK,200,1.9
2026-03-07,03:18:36,Hertz,https://www.hertzmexico.com/,OK,200,0.58
2026-03-07,03:18:36,Dollar,https://dollarmexico.com.mx/,OK,200,0.46
2026-03-07,03:18:36,Thrifty,https://www.thrifty.com.mx/,OK,200,0.63
2026-03-07,03:18:36,Firefly,https://www.fireflycarrental.com.mx/,OK,200,0.88
2026-03-07,03:18:36,Avis,https://avis.mx/,OK,200,1.0
2026-03-07,03:18:36,National,https://nationalcar.com.mx/,OK,200,2.34
2026-03-07,03:18:36,Alamo,https://www.alamo.com.mx/es,OK,200,1.62
2026-03-07,03:18:36,Mex Rent A Car,https://mexrentacar.com/es/index,OK,200,0.43
2026-03-07,03:18:36,Budget,https://budget.com.mx/#/,OK,200,0.73
2026-03-07,03:18:36,Localiza,https://www.localiza.com/mexico/es-mx,OK,200,1.03
2026-03-07,03:18:36,Enterprise,https://enterprise.mx/,OK,200,1.57
2026-03-07,03:18:36,Europcar,https://www.europcar.com.mx/,OK,200,0.74
2026-03-07,03:48:01,Hertz,https://www.hertzmexico.com/,OK,200,0.65
2026-03-07,03:48:01,Dollar,https://dollarmexico.com.mx/,OK,200,0.51
2026-03-07,03:48:01,Thrifty,https://www.thrifty.com.mx/,OK,200,0.61
2026-03-07,03:48:01,Firefly,https://www.fireflycarrental.com.mx/,OK,200,0.49
2026-03-07,03:48:01,Avis,https://avis.mx/,OK,200,1.3
2026-03-07,03:48:01,National,https://nationalcar.com.mx/,OK,200,4.05
2026-03-07,03:48:01,Alamo,https://www.alamo.com.mx/es,OK,200,1.18
2026-03-07,03:48:01,Mex Rent A Car,https://mexrentacar.com/es/index,OK,200,1.04
2026-03-07,03:48:01,Budget,https://budget.com.mx/#/,OK,200,0.48
2026-03-07,03:48:01,Localiza,https://www.localiza.com/mexico/es-mx,OK,200,2.09
2026-03-07,03:48:01,Enterprise,https://enterprise.mx/,OK,200,2.62
2026-03-07,03:48:01,Europcar,https://www.europcar.com.mx/,OK,200,0.64
2026-03-07,04:13:31,Hertz,https://www.hertzmexico.com/,OK,200,0.61
2026-03-07,04:13:31,Dollar,https://dollarmexico.com.mx/,OK,200,0.58
2026-03-07,04:13:31,Thrifty,https://www.thrifty.com.mx/,OK,200,0.55
2026-03-07,04:13:31,Firefly,https://www.fireflycarrental.com.mx/,OK,200,0.8
2026-03-07,04:13:31,Avis,https://avis.mx/,OK,200,1.16
2026-03-07,04:13:31,National,https://nationalcar.com.mx/,OK,200,2.34
2026-03-07,04:13:31,Alamo,https://www.alamo.com.mx/es,OK,200,1.92
2026-03-07,04:13:31,Mex Rent A Car,https://mexrentacar.com/es/index,OK,200,0.45
2026-03-07,04:13:31,Budget,https://budget.com.mx/#/,OK,200,0.52
2026-03-07,04:13:31,Localiza,https://www.localiza.com/mexico/es-mx,OK,200,1.31
2026-03-07,04:13:31,Enterprise,https://enterprise.mx/,OK,200,1.69
2026-03-07,04:13:31,Europcar,https://www.europcar.com.mx/,OK,200,1.01
2026-03-07,04:45:56,Hertz,https://www.hertzmexico.com/,OK,200,0.57
2026-03-07,04:45:56,Dollar,https://dollarmexico.com.mx/,OK,200,0.63
2026-03-07,04:45:56,Thrifty,https://www.thrifty.com.mx/,OK,200,0.55
2026-03-07,04:45:56,Firefly,https://www.fireflycarrental.com.mx/,OK,200,0.67
2026-03-07,04:45:56,Avis,https://avis.mx/,OK,200,1.09
2026-03-07,04:45:56,National,https://nationalcar.com.mx/,OK,200,2.7
2026-03-07,04:45:56,Alamo,https://www.alamo.com.mx/es,OK,200,1.59
2026-03-07,04:45:56,Mex Rent A Car,https://mexrentacar.com/es/index,OK,200,0.41
2026-03-07,04:45:56,Budget,https://budget.com.mx/#/,OK,200,1.08
2026-03-07,04:45:56,Localiza,https://www.localiza.com/mexico/es-mx,OK,200,0.92
2026-03-07,04:45:56,Enterprise,https://enterprise.mx/,OK,200,1.59
2026-03-07,04:45:56,Europcar,https://www.europcar.com.mx/,OK,200,2.66
2026-03-07,05:11:23,Hertz,https://www.hertzmexico.com/,OK,200,0.76
2026-03-07,05:11:23,Dollar,https://dollarmexico.com.mx/,OK,200,0.42
2026-03-07,05:11:23,Thrifty,https://www.thrifty.com.mx/,OK,200,0.53
2026-03-07,05:11:23,Firefly,https://www.fireflycarrental.com.mx/,OK,200,0.37
2026-03-07,05:11:23,Avis,https://avis.mx/,OK,200,0.89
2026-03-07,05:11:23,National,https://nationalcar.com.mx/,OK,200,3.99
2026-03-07,05:11:23,Alamo,https://www.alamo.com.mx/es,OK,200,1.16
2026-03-07,05:11:23,Mex Rent A Car,https://mexrentacar.com/es/index,OK,200,1.09
2026-03-07,05:11:23,Budget,https://budget.com.mx/#/,OK,200,0.8
2026-03-07,05:11:23,Localiza,https://www.localiza.com/mexico/es-mx,OK,200,1.29
2026-03-07,05:11:23,Enterprise,https://enterprise.mx/,OK,200,2.72
2026-03-07,05:11:23,Europcar,https://www.europcar.com.mx/,OK,200,2.85
2026-03-07,05:39:50,Hertz,https://www.hertzmexico.com/,OK,200,0.6
2026-03-07,05:39:50,Dollar,https://dollarmexico.com.mx/,OK,200,0.41
2026-03-07,05:39:50,Thrifty,https://www.thrifty.com.mx/,OK,200,0.57
2026-03-07,05:39:50,Firefly,https://www.fireflycarrental.com.mx/,OK,200,0.77
2026-03-07,05:39:50,Avis,https://avis.mx/,OK,200,0.8
2026-03-07,05:39:50,National,https://nationalcar.com.mx/,OK,200,2.34
2026-03-07,05:39:50,Alamo,https://www.alamo.com.mx/es,OK,200,1.84
2026-03-07,05:39:50,Mex Rent A Car,https://mexrentacar.com/es/index,OK,200,0.43
2026-03-07,05:39:50,Budget,https://budget.com.mx/#/,OK,200,0.74
2026-03-07,05:39:50,Localiza,https://www.localiza.com/mexico/es-mx,OK,200,0.81
2026-03-07,05:39:50,Enterprise,https://enterprise.mx/,OK,200,15.3
2026-03-07,05:39:50,Europcar,https://www.europcar.com.mx/,OK,200,1.46
2026-03-07,06:22:55,Hertz,https://www.hertzmexico.com/,OK,200,0.68
2026-03-07,06:22:55,Dollar,https://dollarmexico.com.mx/,OK,200,0.53
2026-03-07,06:22:55,Thrifty,https://www.thrifty.com.mx/,OK,200,0.59
2026-03-07,06:22:55,Firefly,https://www.fireflycarrental.com.mx/,OK,200,1.25
2026-03-07,06:22:55,Avis,https://avis.mx/,OK,200,0.85
2026-03-07,06:22:55,National,https://nationalcar.com.mx/,OK,200,2.54
2026-03-07,06:22:55,Alamo,https://www.alamo.com.mx/es,OK,200,1.8
2026-03-07,06:22:55,Mex Rent A Car,https://mexrentacar.com/es/index,OK,200,0.7
2026-03-07,06:22:55,Budget,https://budget.com.mx/#/,OK,200,0.78
2026-03-07,06:22:55,Localiza,https://www.localiza.com/mexico/es-mx,OK,200,0.92
2026-03-07,06:22:55,Enterprise,https://enterprise.mx/,OK,200,1.58
2026-03-07,06:22:55,Europcar,https://www.europcar.com.mx/,OK,200,0.7
2026-03-07,07:11:43,Hertz,https://www.hertzmexico.com/,OK,200,0.73
2026-03-07,07:11:43,Dollar,https://dollarmexico.com.mx/,OK,200,0.35
2026-03-07,07:11:43,Thrifty,https://www.thrifty.com.mx/,OK,200,0.55
2026-03-07,07:11:43,Firefly,https://www.fireflycarrental.com.mx/,OK,200,0.45
2026-03-07,07:11:43,Avis,https://avis.mx/,OK,200,0.91
2026-03-07,07:11:43,National,https://nationalcar.com.mx/,OK,200,3.97
2026-03-07,07:11:43,Alamo,https://www.alamo.com.mx/es,OK,200,1.67
2026-03-07,07:11:43,Mex Rent A Car,https://mexrentacar.com/es/index,OK,200,1.08
2026-03-07,07:11:43,Budget,https://budget.com.mx/#/,OK,200,0.76
2026-03-07,07:11:43,Localiza,https://www.localiza.com/mexico/es-mx,OK,200,1.16
2026-03-07,07:11:43,Enterprise,https://enterprise.mx/,OK,200,2.47
2026-03-07,07:11:43,Europcar,https://www.europcar.com.mx/,OK,200,2.28
2026-03-07,07:52:27,Hertz,https://www.hertzmexico.com/,OK,200,0.56
2026-03-07,07:52:27,Dollar,https://dollarmexico.com.mx/,OK,200,0.41
2026-03-07,07:52:27,Thrifty,https://www.thrifty.com.mx/,OK,200,0.54
2026-03-07,07:52:27,Firefly,https://www.fireflycarrental.com.mx/,OK,200,0.6
2026-03-07,07:52:27,Avis,https://avis.mx/,OK,200,1.02
2026-03-07,07:52:27,National,https://nationalcar.com.mx/,OK,200,3.85
2026-03-07,07:52:27,Alamo,https://www.alamo.com.mx/es,OK,200,1.21
2026-03-07,07:52:27,Mex Rent A Car,https://mexrentacar.com/es/index,OK,200,1.0
2026-03-07,07:52:27,Budget,https://budget.com.mx/#/,OK,200,0.54
2026-03-07,07:52:27,Localiza,https://www.localiza.com/mexico/es-mx,OK,200,1.03
2026-03-07,07:52:27,Enterprise,https://enterprise.mx/,OK,200,2.41
2026-03-07,07:52:27,Europcar,https://www.europcar.com.mx/,OK,200,0.67
2026-03-07,08:14:22,Hertz,https://www.hertzmexico.com/,OK,200,0.58
2026-03-07,08:14:22,Dollar,https://dollarmexico.com.mx/,OK,200,0.74
2026-03-07,08:14:22,Thrifty,https://www.thrifty.com.mx/,OK,200,0.61
2026-03-07,08:14:22,Firefly,https://www.fireflycarrental.com.mx/,OK,200,0.55
2026-03-07,08:14:22,Avis,https://avis.mx/,OK,200,0.83
2026-03-07,08:14:22,National,https://nationalcar.com.mx/,OK,200,2.29
2026-03-07,08:14:22,Alamo,https://www.alamo.com.mx/es,OK,200,1.74
2026-03-07,08:14:22,Mex Rent A Car,https://mexrentacar.com/es/index,OK,200,0.44
2026-03-07,08:14:22,Budget,https://budget.com.mx/#/,OK,200,0.78
2026-03-07,08:14:22,Localiza,https://www.localiza.com/mexico/es-mx,OK,200,0.92
2026-03-07,08:14:22,Enterprise,https://enterprise.mx/,OK,200,1.49
2026-03-07,08:14:22,Europcar,https://www.europcar.com.mx/,OK,200,1.41
2026-03-07,08:46:02,Hertz,https://www.hertzmexico.com/,OK,200,0.89
2026-03-07,08:46:02,Dollar,https://dollarmexico.com.mx/,OK,200,0.37
2026-03-07,08:46:02,Thrifty,https://www.thrifty.com.mx/,OK,200,0.52
2026-03-07,08:46:02,Firefly,https://www.fireflycarrental.com.mx/,OK,200,0.51
2026-03-07,08:46:02,Avis,https://avis.mx/,OK,200,0.78
2026-03-07,08:46:02,National,https://nationalcar.com.mx/,OK,200,3.86
2026-03-07,08:46:02,Alamo,https://www.alamo.com.mx/es,OK,200,1.37
2026-03-07,08:46:02,Mex Rent A Car,https://mexrentacar.com/es/index,OK,200,0.66
2026-03-07,08:46:02,Budget,https://budget.com.mx/#/,OK,200,0.5
2026-03-07,08:46:02,Localiza,https://www.localiza.com/mexico/es-mx,OK,200,1.67
2026-03-07,08:46:02,Enterprise,https://enterprise.mx/,OK,200,2.15
2026-03-07,08:46:02,Europcar,https://www.europcar.com.mx/,OK,200,0.64
2026-03-07,09:12:41,Hertz,https://www.hertzmexico.com/,OK,200,0.79
2026-03-07,09:12:41,Dollar,https://dollarmexico.com.mx/,OK,200,0.52
2026-03-07,09:12:41,Thrifty,https://www.thrifty.com.mx/,OK,200,0.74
2026-03-07,09:12:41,Firefly,https://www.fireflycarrental.com.mx/,OK,200,0.57
2026-03-07,09:12:41,Avis,https://avis.mx/,OK,200,1.19
2026-03-07,09:12:41,National,https://nationalcar.com.mx/,OK,200,2.63
2026-03-07,09:12:41,Alamo,https://www.alamo.com.mx/es,OK,200,1.61
2026-03-07,09:12:41,Mex Rent A Car,https://mexrentacar.com/es/index,OK,200,0.45
2026-03-07,09:12:41,Budget,https://budget.com.mx/#/,OK,200,0.87
2026-03-07,09:12:41,Localiza,https://www.localiza.com/mexico/es-mx,OK,200,1.05
2026-03-07,09:12:41,Enterprise,https://enterprise.mx/,OK,200,1.68
2026-03-07,09:12:41,Europcar,https://www.europcar.com.mx/,OK,200,2.91
2026-03-07,09:42:35,Hertz,https://www.hertzmexico.com/,OK,200,0.67
2026-03-07,09:42:35,Dollar,https://dollarmexico.com.mx/,OK,200,0.46
2026-03-07,09:42:35,Thrifty,https://www.thrifty.com.mx/,OK,200,0.54
2026-03-07,09:42:35,Firefly,https://www.fireflycarrental.com.mx/,OK,200,0.5
2026-03-07,09:42:35,Avis,https://avis.mx/,OK,200,1.08
2026-03-07,09:42:35,National,https://nationalcar.com.mx/,OK,200,3.21
2026-03-07,09:42:35,Alamo,https://www.alamo.com.mx/es,OK,200,1.68
2026-03-07,09:42:35,Mex Rent A Car,https://mexrentacar.com/es/index,OK,200,0.57
2026-03-07,09:42:35,Budget,https://budget.com.mx/#/,OK,200,0.53
2026-03-07,09:42:35,Localiza,https://www.localiza.com/mexico/es-mx,OK,200,1.88
2026-03-07,09:42:35,Enterprise,https://enterprise.mx/,OK,200,1.93
2026-03-07,09:42:35,Europcar,https://www.europcar.com.mx/,OK,200,0.61
2026-03-07,10:15:07,Hertz,https://www.hertzmexico.com/,OK,200,0.68
2026-03-07,10:15:07,Dollar,https://dollarmexico.com.mx/,OK,200,0.42
2026-03-07,10:15:07,Thrifty,https://www.thrifty.com.mx/,OK,200,0.52
2026-03-07,10:15:07,Firefly,https://www.fireflycarrental.com.mx/,OK,200,0.45
2026-03-07,10:15:07,Avis,https://avis.mx/,OK,200,0.81
2026-03-07,10:15:07,National,https://nationalcar.com.mx/,OK,200,2.34
2026-03-07,10:15:07,Alamo,https://www.alamo.com.mx/es,OK,200,1.78
2026-03-07,10:15:07,Mex Rent A Car,https://mexrentacar.com/es/index,OK,200,0.43
2026-03-07,10:15:07,Budget,https://budget.com.mx/#/,OK,200,0.74
2026-03-07,10:15:07,Localiza,https://www.localiza.com/mexico/es-mx,OK,200,1.24
2026-03-07,10:15:07,Enterprise,https://enterprise.mx/,OK,200,1.73
2026-03-07,10:15:07,Europcar,https://www.europcar.com.mx/,OK,200,2.65
2026-03-07,10:47:30,Hertz,https://www.hertzmexico.com/,OK,200,0.67
2026-03-07,10:47:30,Dollar,https://dollarmexico.com.mx/,OK,200,0.35
2026-03-07,10:47:30,Thrifty,https://www.thrifty.com.mx/,OK,200,0.38
2026-03-07,10:47:30,Firefly,https://www.fireflycarrental.com.mx/,OK,200,0.49
2026-03-07,10:47:30,Avis,https://avis.mx/,OK,200,1.01
2026-03-07,10:47:30,National,https://nationalcar.com.mx/,OK,200,4.27
2026-03-07,10:47:30,Alamo,https://www.alamo.com.mx/es,OK,200,1.17
2026-03-07,10:47:30,Mex Rent A Car,https://mexrentacar.com/es/index,OK,200,0.84
2026-03-07,10:47:30,Budget,https://budget.com.mx/#/,OK,200,0.7
2026-03-07,10:47:30,Localiza,https://www.localiza.com/mexico/es-mx,OK,200,1.14
2026-03-07,10:47:30,Enterprise,https://enterprise.mx/,OK,200,2.03
2026-03-07,10:47:30,Europcar,https://www.europcar.com.mx/,OK,200,0.56
2026-03-07,11:12:14,Hertz,https://www.hertzmexico.com/,OK,200,0.58
2026-03-07,11:12:14,Dollar,https://dollarmexico.com.mx/,OK,200,0.31
2026-03-07,11:12:14,Thrifty,https://www.thrifty.com.mx/,OK,200,0.85
2026-03-07,11:12:14,Firefly,https://www.fireflycarrental.com.mx/,OK,200,0.4
2026-03-07,11:12:14,Avis,https://avis.mx/,OK,200,0.91
2026-03-07,11:12:14,National,https://nationalcar.com.mx/,OK,200,4.04
2026-03-07,11:12:14,Alamo,https://www.alamo.com.mx/es,OK,200,1.18
2026-03-07,11:12:14,Mex Rent A Car,https://mexrentacar.com/es/index,OK,200,0.83
2026-03-07,11:12:14,Budget,https://budget.com.mx/#/,OK,200,0.48
2026-03-07,11:12:14,Localiza,https://www.localiza.com/mexico/es-mx,OK,200,1.16
2026-03-07,11:12:14,Enterprise,https://enterprise.mx/,OK,200,2.09
2026-03-07,11:12:14,Europcar,https://www.europcar.com.mx/,OK,200,1.39
2026-03-07,11:42:52,Hertz,https://www.hertzmexico.com/,OK,200,0.66
2026-03-07,11:42:52,Dollar,https://dollarmexico.com.mx/,OK,200,0.4
2026-03-07,11:42:52,Thrifty,https://www.thrifty.com.mx/,OK,200,0.52
2026-03-07,11:42:52,Firefly,https://www.fireflycarrental.com.mx/,OK,200,0.52
2026-03-07,11:42:52,Avis,https://avis.mx/,OK,200,0.91
2026-03-07,11:42:52,National,https://nationalcar.com.mx/,OK,200,4.48
2026-03-07,11:42:52,Alamo,https://www.alamo.com.mx/es,OK,200,1.27
2026-03-07,11:42:52,Mex Rent A Car,https://mexrentacar.com/es/index,OK,200,1.03
2026-03-07,11:42:52,Budget,https://budget.com.mx/#/,OK,200,0.8
2026-03-07,11:42:52,Localiza,https://www.localiza.com/mexico/es-mx,OK,200,1.12
2026-03-07,11:42:52,Enterprise,https://enterprise.mx/,OK,200,2.64
2026-03-07,11:42:52,Europcar,https://www.europcar.com.mx/,OK,200,0.74
2026-03-07,12:18:35,Hertz,https://www.hertzmexico.com/,OK,200,0.53
2026-03-07,12:18:35,Dollar,https://dollarmexico.com.mx/,OK,200,0.48
2026-03-07,12:18:35,Thrifty,https://www.thrifty.com.mx/,OK,200,0.49
2026-03-07,12:18:35,Firefly,https://www.fireflycarrental.com.mx/,OK,200,0.59
2026-03-07,12:18:35,Avis,https://avis.mx/,OK,200,0.95
2026-03-07,12:18:35,National,https://nationalcar.com.mx/,OK,200,3.82
2026-03-07,12:18:35,Alamo,https://www.alamo.com.mx/es,OK,200,1.05
2026-03-07,12:18:35,Mex Rent A Car,https://mexrentacar.com/es/index,OK,200,1.01
2026-03-07,12:18:35,Budget,https://budget.com.mx/#/,OK,200,0.48
2026-03-07,12:18:35,Localiza,https://www.localiza.com/mexico/es-mx,OK,200,0.92
2026-03-07,12:18:35,Enterprise,https://enterprise.mx/,OK,200,2.49
2026-03-07,12:18:35,Europcar,https://www.europcar.com.mx/,OK,200,0.92
2026-03-07,12:53:35,Hertz,https://www.hertzmexico.com/,OK,200,0.69
2026-03-07,12:53:35,Dollar,https://dollarmexico.com.mx/,OK,200,0.42
2026-03-07,12:53:35,Thrifty,https://www.thrifty.com.mx/,OK,200,0.65
2026-03-07,12:53:35,Firefly,https://www.fireflycarrental.com.mx/,OK,200,0.49
2026-03-07,12:53:35,Avis,https://avis.mx/,OK,200,0.78
2026-03-07,12:53:35,National,https://nationalcar.com.mx/,OK,200,2.4
2026-03-07,12:53:35,Alamo,https://www.alamo.com.mx/es,OK,200,1.78
2026-03-07,12:53:35,Mex Rent A Car,https://mexrentacar.com/es/index,OK,200,0.42
2026-03-07,12:53:35,Budget,https://budget.com.mx/#/,OK,200,0.54
2026-03-07,12:53:35,Localiza,https://www.localiza.com/mexico/es-mx,OK,200,1.47
2026-03-07,12:53:35,Enterprise,https://enterprise.mx/,OK,200,1.48
2026-03-07,12:53:35,Europcar,https://www.europcar.com.mx/,OK,200,5.11
2026-03-07,13:13:50,Hertz,https://www.hertzmexico.com/,OK,200,0.67
2026-03-07,13:13:50,Dollar,https://dollarmexico.com.mx/,OK,200,0.56
2026-03-07,13:13:50,Thrifty,https://www.thrifty.com.mx/,OK,200,0.52
2026-03-07,13:13:50,Firefly,https://www.fireflycarrental.com.mx/,OK,200,0.47
2026-03-07,13:13:50,Avis,https://avis.mx/,OK,200,1.34
2026-03-07,13:13:50,National,https://nationalcar.com.mx/,OK,200,3.28
2026-03-07,13:13:50,Alamo,https://www.alamo.com.mx/es,OK,200,1.63
2026-03-07,13:13:50,Mex Rent A Car,https://mexrentacar.com/es/index,OK,200,0.58
2026-03-07,13:13:50,Budget,https://budget.com.mx/#/,OK,200,0.51
2026-03-07,13:13:50,Localiza,https://www.localiza.com/mexico/es-mx,OK,200,1.07
2026-03-07,13:13:50,Enterprise,https://enterprise.mx/,OK,200,1.93
2026-03-07,13:13:50,Europcar,https://www.europcar.com.mx/,OK,200,0.73
2026-03-07,13:40:51,Hertz,https://www.hertzmexico.com/,OK,200,0.5
2026-03-07,13:40:51,Dollar,https://dollarmexico.com.mx/,OK,200,0.34
2026-03-07,13:40:51,Thrifty,https://www.thrifty.com.mx/,OK,200,0.4
2026-03-07,13:40:51,Firefly,https://www.fireflycarrental.com.mx/,OK,200,0.41
2026-03-07,13:40:51,Avis,https://avis.mx/,OK,200,0.93
2026-03-07,13:40:51,National,https://nationalcar.com.mx/,OK,200,4.27
2026-03-07,13:40:51,Alamo,https://www.alamo.com.mx/es,OK,200,1.38
2026-03-07,13:40:51,Mex Rent A Car,https://mexrentacar.com/es/index,OK,200,0.73
2026-03-07,13:40:51,Budget,https://budget.com.mx/#/,OK,200,0.67
2026-03-07,13:40:51,Localiza,https://www.localiza.com/mexico/es-mx,OK,200,1.37
2026-03-07,13:40:51,Enterprise,https://enterprise.mx/,OK,200,2.36
2026-03-07,13:40:51,Europcar,https://www.europcar.com.mx/,OK,200,0.74
2026-03-07,14:13:15,Hertz,https://www.hertzmexico.com/,OK,200,0.63
2026-03-07,14:13:15,Dollar,https://dollarmexico.com.mx/,OK,200,0.5
2026-03-07,14:13:15,Thrifty,https://www.thrifty.com.mx/,OK,200,0.67
2026-03-07,14:13:15,Firefly,https://www.fireflycarrental.com.mx/,OK,200,0.53
2026-03-07,14:13:15,Avis,https://avis.mx/,OK,200,0.87
2026-03-07,14:13:15,National,https://nationalcar.com.mx/,OK,200,2.62
2026-03-07,14:13:15,Alamo,https://www.alamo.com.mx/es,OK,200,1.85
2026-03-07,14:13:15,Mex Rent A Car,https://mexrentacar.com/es/index,OK,200,0.57
2026-03-07,14:13:15,Budget,https://budget.com.mx/#/,OK,200,0.53
2026-03-07,14:13:15,Localiza,https://www.localiza.com/mexico/es-mx,OK,200,1.18
2026-03-07,14:13:15,Enterprise,https://enterprise.mx/,OK,200,1.77
2026-03-07,14:13:15,Europcar,https://www.europcar.com.mx/,OK,200,0.89
2026-03-07,14:45:02,Hertz,https://www.hertzmexico.com/,OK,200,0.64
2026-03-07,14:45:02,Dollar,https://dollarmexico.com.mx/,OK,200,0.38
2026-03-07,14:45:02,Thrifty,https://www.thrifty.com.mx/,OK,200,0.51
2026-03-07,14:45:02,Firefly,https://www.fireflycarrental.com.mx/,OK,200,0.43
2026-03-07,14:45:02,Avis,https://avis.mx/,OK,200,1.18
2026-03-07,14:45:02,National,https://nationalcar.com.mx/,OK,200,3.88
2026-03-07,14:45:02,Alamo,https://www.alamo.com.mx/es,OK,200,1.23
2026-03-07,14:45:02,Mex Rent A Car,https://mexrentacar.com/es/index,OK,200,1.02
2026-03-07,14:45:02,Budget,https://budget.com.mx/#/,OK,200,0.79
2026-03-07,14:45:02,Localiza,https://www.localiza.com/mexico/es-mx,OK,200,1.36
2026-03-07,14:45:02,Enterprise,https://enterprise.mx/,OK,200,2.12
2026-03-07,14:45:02,Europcar,https://www.europcar.com.mx/,OK,200,0.62
2026-03-07,15:11:39,Hertz,https://www.hertzmexico.com/,OK,200,0.65
2026-03-07,15:11:39,Dollar,https://dollarmexico.com.mx/,OK,200,0.63
2026-03-07,15:11:39,Thrifty,https://www.thrifty.com.mx/,OK,200,0.42
2026-03-07,15:11:39,Firefly,https://www.fireflycarrental.com.mx/,OK,200,0.55
2026-03-07,15:11:39,Avis,https://avis.mx/,OK,200,0.91
2026-03-07,15:11:39,National,https://nationalcar.com.mx/,OK,200,3.82
2026-03-07,15:11:39,Alamo,https://www.alamo.com.mx/es,OK,200,1.28
2026-03-07,15:11:39,Mex Rent A Car,https://mexrentacar.com/es/index,OK,200,0.77
2026-03-07,15:11:39,Budget,https://budget.com.mx/#/,OK,200,0.44
2026-03-07,15:11:39,Localiza,https://www.localiza.com/mexico/es-mx,OK,200,1.26
2026-03-07,15:11:39,Enterprise,https://enterprise.mx/,OK,200,2.06
2026-03-07,15:11:39,Europcar,https://www.europcar.com.mx/,OK,200,0.7
2026-03-07,15:40:33,Hertz,https://www.hertzmexico.com/,OK,200,0.83
2026-03-07,15:40:33,Dollar,https://dollarmexico.com.mx/,OK,200,0.46
2026-03-07,15:40:33,Thrifty,https://www.thrifty.com.mx/,OK,200,0.59
2026-03-07,15:40:33,Firefly,https://www.fireflycarrental.com.mx/,OK,200,0.49
2026-03-07,15:40:33,Avis,https://avis.mx/,OK,200,1.0
2026-03-07,15:40:33,National,https://nationalcar.com.mx/,OK,200,3.42
2026-03-07,15:40:33,Alamo,https://www.alamo.com.mx/es,OK,200,1.43
2026-03-07,15:40:33,Mex Rent A Car,https://mexrentacar.com/es/index,OK,200,0.59
2026-03-07,15:40:33,Budget,https://budget.com.mx/#/,OK,200,0.52
2026-03-07,15:40:33,Localiza,https://www.localiza.com/mexico/es-mx,OK,200,1.38
2026-03-07,15:40:33,Enterprise,https://enterprise.mx/,OK,200,1.93
2026-03-07,15:40:33,Europcar,https://www.europcar.com.mx/,OK,200,0.75
2026-03-07,16:12:06,Hertz,https://www.hertzmexico.com/,OK,200,0.71
2026-03-07,16:12:06,Dollar,https://dollarmexico.com.mx/,OK,200,0.52
2026-03-07,16:12:06,Thrifty,https://www.thrifty.com.mx/,OK,200,0.53
2026-03-07,16:12:06,Firefly,https://www.fireflycarrental.com.mx/,OK,200,0.67
2026-03-07,16:12:06,Avis,https://avis.mx/,OK,200,0.89
2026-03-07,16:12:06,National,https://nationalcar.com.mx/,OK,200,3.83
2026-03-07,16:12:06,Alamo,https://www.alamo.com.mx/es,OK,200,1.16
2026-03-07,16:12:06,Mex Rent A Car,https://mexrentacar.com/es/index,OK,200,1.06
2026-03-07,16:12:06,Budget,https://budget.com.mx/#/,OK,200,0.52
2026-03-07,16:12:06,Localiza,https://www.localiza.com/mexico/es-mx,OK,200,1.43
2026-03-07,16:12:06,Enterprise,https://enterprise.mx/,OK,200,2.4
2026-03-07,16:12:06,Europcar,https://www.europcar.com.mx/,OK,200,0.72
2026-03-07,16:45:18,Hertz,https://www.hertzmexico.com/,OK,200,0.57
2026-03-07,16:45:18,Dollar,https://dollarmexico.com.mx/,OK,200,0.4
2026-03-07,16:45:18,Thrifty,https://www.thrifty.com.mx/,OK,200,0.54
2026-03-07,16:45:18,Firefly,https://www.fireflycarrental.com.mx/,OK,200,0.5
2026-03-07,16:45:18,Avis,https://avis.mx/,OK,200,1.0
2026-03-07,16:45:18,National,https://nationalcar.com.mx/,OK,200,3.77
2026-03-07,16:45:18,Alamo,https://www.alamo.com.mx/es,OK,200,1.22
2026-03-07,16:45:18,Mex Rent A Car,https://mexrentacar.com/es/index,OK,200,0.98
2026-03-07,16:45:18,Budget,https://budget.com.mx/#/,OK,200,0.78
2026-03-07,16:45:18,Localiza,https://www.localiza.com/mexico/es-mx,OK,200,1.14
2026-03-07,16:45:18,Enterprise,https://enterprise.mx/,OK,200,2.58
2026-03-07,16:45:18,Europcar,https://www.europcar.com.mx/,OK,200,2.92
2026-03-07,17:12:30,Hertz,https://www.hertzmexico.com/,OK,200,0.53
2026-03-07,17:12:30,Dollar,https://dollarmexico.com.mx/,OK,200,0.35
2026-03-07,17:12:30,Thrifty,https://www.thrifty.com.mx/,OK,200,0.45
2026-03-07,17:12:30,Firefly,https://www.fireflycarrental.com.mx/,OK,200,0.48
2026-03-07,17:12:30,Avis,https://avis.mx/,OK,200,0.93
2026-03-07,17:12:30,National,https://nationalcar.com.mx/,OK,200,3.72
2026-03-07,17:12:30,Alamo,https://www.alamo.com.mx/es,OK,200,1.24
2026-03-07,17:12:30,Mex Rent A Car,https://mexrentacar.com/es/index,OK,200,0.8
2026-03-07,17:12:30,Budget,https://budget.com.mx/#/,OK,200,0.5
2026-03-07,17:12:30,Localiza,https://www.localiza.com/mexico/es-mx,OK,200,1.49
2026-03-07,17:12:30,Enterprise,https://enterprise.mx/,OK,200,1.97
2026-03-07,17:12:30,Europcar,https://www.europcar.com.mx/,OK,200,0.65
2026-03-07,17:42:09,Hertz,https://www.hertzmexico.com/,OK,200,0.71
2026-03-07,17:42:09,Dollar,https://dollarmexico.com.mx/,OK,200,0.5
2026-03-07,17:42:09,Thrifty,https://www.thrifty.com.mx/,OK,200,0.59
2026-03-07,17:42:09,Firefly,https://www.fireflycarrental.com.mx/,OK,200,0.53
2026-03-07,17:42:09,Avis,https://avis.mx/,OK,200,0.69
2026-03-07,17:42:09,National,https://nationalcar.com.mx/,OK,200,2.46
2026-03-07,17:42:09,Alamo,https://www.alamo.com.mx/es,OK,200,1.99
2026-03-07,17:42:09,Mex Rent A Car,https://mexrentacar.com/es/index,OK,200,0.61
2026-03-07,17:42:09,Budget,https://budget.com.mx/#/,OK,200,0.49
2026-03-07,17:42:09,Localiza,https://www.localiza.com/mexico/es-mx,OK,200,0.96
2026-03-07,17:42:09,Enterprise,https://enterprise.mx/,OK,200,1.56
2026-03-07,17:42:09,Europcar,https://www.europcar.com.mx/,OK,200,0.77
2026-03-07,19:06:24,Hertz,https://www.hertzmexico.com/,OK,200,0.76
2026-03-07,19:06:24,Dollar,https://dollarmexico.com.mx/,OK,200,0.39
2026-03-07,19:06:24,Thrifty,https://www.thrifty.com.mx/,OK,200,0.68
2026-03-07,19:06:24,Firefly,https://www.fireflycarrental.com.mx/,OK,200,0.53
2026-03-07,19:06:24,Avis,https://avis.mx/,OK,200,0.74
2026-03-07,19:06:24,National,https://nationalcar.com.mx/,OK,200,3.59
2026-03-07,19:06:24,Alamo,https://www.alamo.com.mx/es,OK,200,1.4
2026-03-07,19:06:24,Mex Rent A Car,https://mexrentacar.com/es/index,OK,200,0.77
2026-03-07,19:06:24,Budget,https://budget.com.mx/#/,OK,200,0.75
2026-03-07,19:06:24,Localiza,https://www.localiza.com/mexico/es-mx,OK,200,2.15
2026-03-07,19:06:24,Enterprise,https://enterprise.mx/,OK,200,2.08
2026-03-07,19:06:24,Europcar,https://www.europcar.com.mx/,OK,200,0.72
2026-03-07,21:40:07,Hertz,https://www.hertzmexico.com/,OK,200,0.72
2026-03-07,21:40:07,Dollar,https://dollarmexico.com.mx/,OK,200,0.48
2026-03-07,21:40:07,Thrifty,https://www.thrifty.com.mx/,OK,200,0.61
2026-03-07,21:40:07,Firefly,https://www.fireflycarrental.com.mx/,OK,200,0.52
2026-03-07,21:40:07,Avis,https://avis.mx/,OK,200,1.0
2026-03-07,21:40:07,National,https://nationalcar.com.mx/,OK,200,3.33
2026-03-07,21:40:07,Alamo,https://www.alamo.com.mx/es,OK,200,1.48
2026-03-07,21:40:07,Mex Rent A Car,https://mexrentacar.com/es/index,OK,200,0.58
2026-03-07,21:40:07,Budget,https://budget.com.mx/#/,OK,200,0.66
2026-03-07,21:40:07,Localiza,https://www.localiza.com/mexico/es-mx,OK,200,1.03
2026-03-07,21:40:07,Enterprise,https://enterprise.mx/,OK,200,2.19
2026-03-07,21:40:07,Europcar,https://www.europcar.com.mx/,OK,200,0.75
2026-03-07,23:04:50,Hertz,https://www.hertzmexico.com/,OK,200,0.65
2026-03-07,23:04:50,Dollar,https://dollarmexico.com.mx/,OK,200,0.46
2026-03-07,23:04:50,Thrifty,https://www.thrifty.com.mx/,OK,200,0.5
2026-03-07,23:04:50,Firefly,https://www.fireflycarrental.com.mx/,OK,200,0.44
2026-03-07,23:04:50,Avis,https://avis.mx/,OK,200,1.05
2026-03-07,23:04:50,National,https://nationalcar.com.mx/,OK,200,4.02
2026-03-07,23:04:50,Alamo,https://www.alamo.com.mx/es,OK,200,1.14
2026-03-07,23:04:50,Mex Rent A Car,https://mexrentacar.com/es/index,OK,200,1.05
2026-03-07,23:04:50,Budget,https://budget.com.mx/#/,OK,200,2.11
2026-03-07,23:04:50,Localiza,https://www.localiza.com/mexico/es-mx,OK,200,1.02
2026-03-07,23:04:50,Enterprise,https://enterprise.mx/,OK,200,14.9
2026-03-07,23:04:50,Europcar,https://www.europcar.com.mx/,OK,200,0.68
2026-03-08,00:01:01,Hertz,https://www.hertzmexico.com/,OK,200,0.53
2026-03-08,00:01:01,Dollar,https://dollarmexico.com.mx/,OK,200,0.32
2026-03-08,00:01:01,Thrifty,https://www.thrifty.com.mx/,OK,200,0.39
2026-03-08,00:01:01,Firefly,https://www.fireflycarrental.com.mx/,OK,200,0.53
2026-03-08,00:01:01,Avis,https://avis.mx/,OK,200,0.8
2026-03-08,00:01:01,National,https://nationalcar.com.mx/,OK,200,3.89
2026-03-08,00:01:01,Alamo,https://www.alamo.com.mx/es,OK,200,1.4
2026-03-08,00:01:01,Mex Rent A Car,https://mexrentacar.com/es/index,OK,200,0.75
2026-03-08,00:01:01,Budget,https://budget.com.mx/#/,OK,200,0.62
2026-03-08,00:01:01,Localiza,https://www.localiza.com/mexico/es-mx,OK,200,1.57
2026-03-08,00:01:01,Enterprise,https://enterprise.mx/,OK,200,1.9
2026-03-08,00:01:01,Europcar,https://www.europcar.com.mx/,OK,200,0.64
2026-03-08,01:04:26,Hertz,https://www.hertzmexico.com/,OK,200,0.59
2026-03-08,01:04:26,Dollar,https://dollarmexico.com.mx/,OK,200,0.41
2026-03-08,01:04:26,Thrifty,https://www.thrifty.com.mx/,OK,200,0.6
2026-03-08,01:04:26,Firefly,https://www.fireflycarrental.com.mx/,OK,200,0.47
2026-03-08,01:04:26,Avis,https://avis.mx/,OK,200,0.85
2026-03-08,01:04:26,National,https://nationalcar.com.mx/,OK,200,3.93
2026-03-08,01:04:26,Alamo,https://www.alamo.com.mx/es,OK,200,1.29
2026-03-08,01:04:26,Mex Rent A Car,https://mexrentacar.com/es/index,OK,200,1.0
2026-03-08,01:04:26,Budget,https://budget.com.mx/#/,OK,200,0.53
2026-03-08,01:04:26,Localiza,https://www.localiza.com/mexico/es-mx,OK,200,1.37
2026-03-08,01:04:26,Enterprise,https://enterprise.mx/,OK,200,2.5
2026-03-08,01:04:26,Europcar,https://www.europcar.com.mx/,OK,200,1.18
2026-03-08,01:47:43,Hertz,https://www.hertzmexico.com/,OK,200,0.85
2026-03-08,01:47:43,Dollar,https://dollarmexico.com.mx/,OK,200,0.36
2026-03-08,01:47:43,Thrifty,https://www.thrifty.com.mx/,OK,200,0.48
2026-03-08,01:47:43,Firefly,https://www.fireflycarrental.com.mx/,OK,200,0.49
2026-03-08,01:47:43,Avis,https://avis.mx/,OK,200,0.94
2026-03-08,01:47:43,National,https://nationalcar.com.mx/,OK,200,3.96
2026-03-08,01:47:43,Alamo,https://www.alamo.com.mx/es,OK,200,1.08
2026-03-08,01:47:43,Mex Rent A Car,https://mexrentacar.com/es/index,OK,200,1.08
2026-03-08,01:47:43,Budget,https://budget.com.mx/#/,OK,200,0.76
2026-03-08,01:47:43,Localiza,https://www.localiza.com/mexico/es-mx,OK,200,0.98
2026-03-08,01:47:43,Enterprise,https://enterprise.mx/,OK,200,2.66
2026-03-08,01:47:43,Europcar,https://www.europcar.com.mx/,OK,200,0.59
2026-03-08,02:18:25,Hertz,https://www.hertzmexico.com/,OK,200,0.69
2026-03-08,02:18:25,Dollar,https://dollarmexico.com.mx/,OK,200,0.48
2026-03-08,02:18:25,Thrifty,https://www.thrifty.com.mx/,OK,200,0.46
2026-03-08,02:18:25,Firefly,https://www.fireflycarrental.com.mx/,OK,200,0.47
2026-03-08,02:18:25,Avis,https://avis.mx/,OK,200,0.83
2026-03-08,02:18:25,National,https://nationalcar.com.mx/,OK,200,4.11
2026-03-08,02:18:25,Alamo,https://www.alamo.com.mx/es,OK,200,1.1
2026-03-08,02:18:25,Mex Rent A Car,https://mexrentacar.com/es/index,OK,200,0.77
2026-03-08,02:18:25,Budget,https://budget.com.mx/#/,OK,200,0.66
2026-03-08,02:18:25,Localiza,https://www.localiza.com/mexico/es-mx,OK,200,1.24
2026-03-08,02:18:25,Enterprise,https://enterprise.mx/,OK,200,2.14
2026-03-08,02:18:25,Europcar,https://www.europcar.com.mx/,OK,200,0.65
2026-03-08,02:52:13,Hertz,https://www.hertzmexico.com/,OK,200,0.71
2026-03-08,02:52:13,Dollar,https://dollarmexico.com.mx/,OK,200,0.44
2026-03-08,02:52:13,Thrifty,https://www.thrifty.com.mx/,OK,200,0.98
2026-03-08,02:52:13,Firefly,https://www.fireflycarrental.com.mx/,OK,200,0.51
2026-03-08,02:52:13,Avis,https://avis.mx/,OK,200,0.95
2026-03-08,02:52:13,National,https://nationalcar.com.mx/,OK,200,4.07
2026-03-08,02:52:13,Alamo,https://www.alamo.com.mx/es,OK,200,1.19
2026-03-08,02:52:13,Mex Rent A Car,https://mexrentacar.com/es/index,OK,200,0.75
2026-03-08,02:52:13,Budget,https://budget.com.mx/#/,OK,200,0.49
2026-03-08,02:52:13,Localiza,https://www.localiza.com/mexico/es-mx,OK,200,1.2
2026-03-08,02:52:13,Enterprise,https://enterprise.mx/,OK,200,1.97
2026-03-08,02:52:13,Europcar,https://www.europcar.com.mx/,OK,200,0.66
2026-03-08,03:18:46,Hertz,https://www.hertzmexico.com/,OK,200,0.71
2026-03-08,03:18:46,Dollar,https://dollarmexico.com.mx/,OK,200,0.44
2026-03-08,03:18:46,Thrifty,https://www.thrifty.com.mx/,OK,200,0.45
2026-03-08,03:18:46,Firefly,https://www.fireflycarrental.com.mx/,OK,200,0.51
2026-03-08,03:18:46,Avis,https://avis.mx/,OK,200,0.95
2026-03-08,03:18:46,National,https://nationalcar.com.mx/,OK,200,3.43
2026-03-08,03:18:46,Alamo,https://www.alamo.com.mx/es,OK,200,1.23
2026-03-08,03:18:46,Mex Rent A Car,https://mexrentacar.com/es/index,OK,200,0.74
2026-03-08,03:18:46,Budget,https://budget.com.mx/#/,OK,200,0.47
2026-03-08,03:18:46,Localiza,https://www.localiza.com/mexico/es-mx,OK,200,1.06
2026-03-08,03:18:46,Enterprise,https://enterprise.mx/,OK,200,2.2
2026-03-08,03:18:46,Europcar,https://www.europcar.com.mx/,OK,200,1.29
2026-03-08,03:49:30,Hertz,https://www.hertzmexico.com/,OK,200,0.62
2026-03-08,03:49:30,Dollar,https://dollarmexico.com.mx/,OK,200,0.36
2026-03-08,03:49:30,Thrifty,https://www.thrifty.com.mx/,OK,200,0.55
2026-03-08,03:49:30,Firefly,https://www.fireflycarrental.com.mx/,OK,200,0.5
2026-03-08,03:49:30,Avis,https://avis.mx/,OK,200,0.89
2026-03-08,03:49:30,National,https://nationalcar.com.mx/,OK,200,3.92
2026-03-08,03:49:30,Alamo,https://www.alamo.com.mx/es,OK,200,1.26
2026-03-08,03:49:30,Mex Rent A Car,https://mexrentacar.com/es/index,OK,200,0.96
2026-03-08,03:49:30,Budget,https://budget.com.mx/#/,OK,200,0.45
2026-03-08,03:49:30,Localiza,https://www.localiza.com/mexico/es-mx,OK,200,1.1
2026-03-08,03:49:30,Enterprise,https://enterprise.mx/,OK,200,2.03
2026-03-08,03:49:30,Europcar,https://www.europcar.com.mx/,OK,200,0.66
2026-03-08,04:14:44,Hertz,https://www.hertzmexico.com/,OK,200,0.69
2026-03-08,04:14:44,Dollar,https://dollarmexico.com.mx/,OK,200,0.62
2026-03-08,04:14:44,Thrifty,https://www.thrifty.com.mx/,OK,200,0.83
2026-03-08,04:14:44,Firefly,https://www.fireflycarrental.com.mx/,OK,200,0.59
2026-03-08,04:14:44,Avis,https://avis.mx/,OK,200,0.85
2026-03-08,04:14:44,National,https://nationalcar.com.mx/,OK,200,3.21
2026-03-08,04:14:44,Alamo,https://www.alamo.com.mx/es,OK,200,1.28
2026-03-08,04:14:44,Mex Rent A Car,https://mexrentacar.com/es/index,OK,200,0.53
2026-03-08,04:14:44,Budget,https://budget.com.mx/#/,OK,200,1.43
2026-03-08,04:14:44,Localiza,https://www.localiza.com/mexico/es-mx,OK,200,1.14
2026-03-08,04:14:44,Enterprise,https://enterprise.mx/,OK,200,15.57
2026-03-08,04:14:44,Europcar,https://www.europcar.com.mx/,OK,200,0.83
2026-03-08,04:47:21,Hertz,https://www.hertzmexico.com/,OK,200,0.81
2026-03-08,04:47:21,Dollar,https://dollarmexico.com.mx/,OK,200,0.59
2026-03-08,04:47:21,Thrifty,https://www.thrifty.com.mx/,OK,200,0.58
2026-03-08,04:47:21,Firefly,https://www.fireflycarrental.com.mx/,OK,200,0.41
2026-03-08,04:47:21,Avis,https://avis.mx/,OK,200,0.87
2026-03-08,04:47:21,National,https://nationalcar.com.mx/,OK,200,3.96
2026-03-08,04:47:21,Alamo,https://www.alamo.com.mx/es,OK,200,1.1
2026-03-08,04:47:21,Mex Rent A Car,https://mexrentacar.com/es/index,OK,200,1.18
2026-03-08,04:47:21,Budget,https://budget.com.mx/#/,OK,200,0.74
2026-03-08,04:47:21,Localiza,https://www.localiza.com/mexico/es-mx,OK,200,0.97
2026-03-08,04:47:21,Enterprise,https://enterprise.mx/,OK,200,2.55
2026-03-08,04:47:21,Europcar,https://www.europcar.com.mx/,OK,200,0.65
